	capture	cellNum	dead	notes
p56rep1-0	0.0	0.0	0.0	rep1
p56rep1-1	0.0	0.0	0.0	rep1
p56rep1-2	0.0	0.0	0.0	rep1
p56rep1-3	0.0	0.0	0.0	rep1
p56rep1-4	0.0	0.0	0.0	rep1
p56rep1-5	0.0	0.0	0.0	rep1
p56rep1-6	0.0	0.0	0.0	rep1
p56rep1-7	0.0	0.0	0.0	rep1
p56rep1-8	0.0	0.0	0.0	rep1
p56rep1-9	0.0	0.0	0.0	rep1
p56rep1-10	0.0	0.0	0.0	rep1
p56rep1-11	0.0	0.0	0.0	rep1
p56rep1-12	0.0	0.0	0.0	rep1
p56rep1-13	0.0	0.0	0.0	rep1
p56rep1-14	0.0	0.0	0.0	rep1
p56rep1-15	0.0	0.0	0.0	rep1
p56rep1-16	0.0	0.0	0.0	rep1
p56rep1-17	0.0	0.0	0.0	rep1
p56rep1-18	0.0	0.0	0.0	rep1
p56rep1-19	0.0	0.0	0.0	rep1
p56rep1-20	0.0	0.0	0.0	rep1
p56rep1-21	0.0	0.0	0.0	rep1
p56rep1-22	0.0	0.0	0.0	rep1
p56rep1-23	0.0	0.0	0.0	rep1
p56rep1-24	0.0	0.0	0.0	rep1
p56rep1-25	0.0	0.0	0.0	rep1
p56rep1-26	0.0	0.0	0.0	rep1
p56rep1-27	0.0	0.0	0.0	rep1
p56rep1-28	0.0	0.0	0.0	rep1
p56rep1-29	0.0	0.0	0.0	rep1
p56rep1-30	0.0	0.0	0.0	rep1
p56rep1-31	0.0	0.0	0.0	rep1
p56rep1-32	0.0	0.0	0.0	rep1
p56rep1-33	0.0	0.0	0.0	rep1
p56rep1-34	0.0	0.0	0.0	rep1
p56rep1-35	0.0	0.0	0.0	rep1
p56rep1-36	0.0	0.0	0.0	rep1
p56rep1-37	0.0	0.0	0.0	rep1
p56rep1-38	0.0	0.0	0.0	rep1
p56rep1-39	0.0	0.0	0.0	rep1
p56rep1-40	0.0	0.0	0.0	rep1
p56rep1-41	0.0	0.0	0.0	rep1
p56rep1-42	0.0	0.0	0.0	rep1
p56rep1-43	0.0	0.0	0.0	rep1
p56rep1-44	0.0	0.0	0.0	rep1
p56rep1-45	0.0	0.0	0.0	rep1
p56rep1-46	0.0	0.0	0.0	rep1
p56rep1-47	0.0	0.0	0.0	rep1
p56rep1-48	0.0	0.0	0.0	rep1
p56rep1-49	0.0	0.0	0.0	rep1
p56rep1-50	0.0	0.0	0.0	rep1
p56rep1-51	0.0	0.0	0.0	rep1
p56rep1-52	0.0	0.0	0.0	rep1
p56rep1-53	0.0	0.0	0.0	rep1
p56rep1-54	0.0	0.0	0.0	rep1
p56rep1-55	0.0	0.0	0.0	rep1
p56rep1-56	0.0	0.0	0.0	rep1
p56rep1-57	0.0	0.0	0.0	rep1
p56rep1-58	0.0	0.0	0.0	rep1
p56rep1-59	0.0	0.0	0.0	rep1
p56rep1-60	0.0	0.0	0.0	rep1
p56rep1-61	0.0	0.0	0.0	rep1
p56rep1-62	0.0	0.0	0.0	rep1
p56rep1-63	0.0	0.0	0.0	rep1
p56rep1-64	0.0	0.0	0.0	rep1
p56rep1-65	0.0	0.0	0.0	rep1
p56rep1-66	0.0	0.0	0.0	rep1
p56rep1-67	0.0	0.0	0.0	rep1
p56rep1-68	0.0	0.0	0.0	rep1
p56rep1-69	0.0	0.0	0.0	rep1
p56rep1-70	0.0	0.0	0.0	rep1
p56rep1-71	0.0	0.0	0.0	rep1
p56rep1-72	0.0	0.0	0.0	rep1
p56rep1-73	0.0	0.0	0.0	rep1
p56rep1-74	0.0	0.0	0.0	rep1
p56rep1-75	0.0	0.0	0.0	rep1
p56rep1-76	0.0	0.0	0.0	rep1
p56rep1-77	0.0	0.0	0.0	rep1
p56rep1-78	0.0	0.0	0.0	rep1
p56rep1-79	0.0	0.0	0.0	rep1
p56rep1-80	0.0	0.0	0.0	rep1
p56rep1-81	0.0	0.0	0.0	rep1
p56rep1-82	0.0	0.0	0.0	rep1
p56rep1-83	0.0	0.0	0.0	rep1
p56rep1-84	0.0	0.0	0.0	rep1
p56rep1-85	0.0	0.0	0.0	rep1
p56rep1-86	0.0	0.0	0.0	rep1
p56rep1-87	0.0	0.0	0.0	rep1
p56rep1-88	0.0	0.0	0.0	rep1
p56rep1-89	0.0	0.0	0.0	rep1
p56rep1-90	0.0	0.0	0.0	rep1
p56rep1-91	0.0	0.0	0.0	rep1
p56rep1-92	0.0	0.0	0.0	rep1
p56rep1-93	0.0	0.0	0.0	rep1
p56rep1-94	0.0	0.0	0.0	rep1
p56rep1-95	0.0	0.0	0.0	rep1
p56rep1-96	0.0	0.0	0.0	rep1
p56rep1-97	0.0	0.0	0.0	rep1
p56rep1-98	0.0	0.0	0.0	rep1
p56rep1-99	0.0	0.0	0.0	rep1
p56rep1-100	0.0	0.0	0.0	rep1
p56rep1-101	0.0	0.0	0.0	rep1
p56rep1-102	0.0	0.0	0.0	rep1
p56rep1-103	0.0	0.0	0.0	rep1
p56rep1-104	0.0	0.0	0.0	rep1
p56rep1-105	0.0	0.0	0.0	rep1
p56rep1-106	0.0	0.0	0.0	rep1
p56rep1-107	0.0	0.0	0.0	rep1
p56rep1-108	0.0	0.0	0.0	rep1
p56rep1-109	0.0	0.0	0.0	rep1
p56rep1-110	0.0	0.0	0.0	rep1
p56rep1-111	0.0	0.0	0.0	rep1
p56rep1-112	0.0	0.0	0.0	rep1
p56rep1-113	0.0	0.0	0.0	rep1
p56rep1-114	0.0	0.0	0.0	rep1
p56rep1-115	0.0	0.0	0.0	rep1
p56rep1-116	0.0	0.0	0.0	rep1
p56rep1-117	0.0	0.0	0.0	rep1
p56rep1-118	0.0	0.0	0.0	rep1
p56rep1-119	0.0	0.0	0.0	rep1
p56rep1-120	0.0	0.0	0.0	rep1
p56rep1-121	0.0	0.0	0.0	rep1
p56rep1-122	0.0	0.0	0.0	rep1
p56rep1-123	0.0	0.0	0.0	rep1
p56rep1-124	0.0	0.0	0.0	rep1
p56rep1-125	0.0	0.0	0.0	rep1
p56rep1-126	0.0	0.0	0.0	rep1
p56rep1-127	0.0	0.0	0.0	rep1
p56rep1-128	0.0	0.0	0.0	rep1
p56rep1-129	0.0	0.0	0.0	rep1
p56rep1-130	0.0	0.0	0.0	rep1
p56rep1-131	0.0	0.0	0.0	rep1
p56rep1-132	0.0	0.0	0.0	rep1
p56rep1-133	0.0	0.0	0.0	rep1
p56rep1-134	0.0	0.0	0.0	rep1
p56rep1-135	0.0	0.0	0.0	rep1
p56rep1-136	0.0	0.0	0.0	rep1
p56rep1-137	0.0	0.0	0.0	rep1
p56rep1-138	0.0	0.0	0.0	rep1
p56rep1-139	0.0	0.0	0.0	rep1
p56rep1-140	0.0	0.0	0.0	rep1
p56rep1-141	0.0	0.0	0.0	rep1
p56rep1-142	0.0	0.0	0.0	rep1
p56rep1-143	0.0	0.0	0.0	rep1
p56rep1-144	0.0	0.0	0.0	rep1
p56rep1-145	0.0	0.0	0.0	rep1
p56rep1-146	0.0	0.0	0.0	rep1
p56rep1-147	0.0	0.0	0.0	rep1
p56rep1-148	0.0	0.0	0.0	rep1
p56rep1-149	0.0	0.0	0.0	rep1
p56rep1-150	0.0	0.0	0.0	rep1
p56rep1-151	0.0	0.0	0.0	rep1
p56rep1-152	0.0	0.0	0.0	rep1
p56rep1-153	0.0	0.0	0.0	rep1
p56rep1-154	0.0	0.0	0.0	rep1
p56rep1-155	0.0	0.0	0.0	rep1
p56rep1-156	0.0	0.0	0.0	rep1
p56rep1-157	0.0	0.0	0.0	rep1
p56rep1-158	0.0	0.0	0.0	rep1
p56rep1-159	0.0	0.0	0.0	rep1
p56rep1-160	0.0	0.0	0.0	rep1
p56rep1-161	0.0	0.0	0.0	rep1
p56rep1-162	0.0	0.0	0.0	rep1
p56rep1-163	0.0	0.0	0.0	rep1
p56rep1-164	0.0	0.0	0.0	rep1
p56rep1-165	0.0	0.0	0.0	rep1
p56rep1-166	0.0	0.0	0.0	rep1
p56rep1-167	0.0	0.0	0.0	rep1
p56rep1-168	0.0	0.0	0.0	rep1
p56rep1-169	0.0	0.0	0.0	rep1
p56rep1-170	0.0	0.0	0.0	rep1
p56rep1-171	0.0	0.0	0.0	rep1
p56rep1-172	0.0	0.0	0.0	rep1
p56rep1-173	0.0	0.0	0.0	rep1
p56rep1-174	0.0	0.0	0.0	rep1
p56rep1-175	0.0	0.0	0.0	rep1
p56rep1-176	0.0	0.0	0.0	rep1
p56rep1-177	0.0	0.0	0.0	rep1
p56rep1-178	0.0	0.0	0.0	rep1
p56rep1-179	0.0	0.0	0.0	rep1
p56rep1-180	0.0	0.0	0.0	rep1
p56rep1-181	0.0	0.0	0.0	rep1
p56rep1-182	0.0	0.0	0.0	rep1
p56rep1-183	0.0	0.0	0.0	rep1
p56rep1-184	0.0	0.0	0.0	rep1
p56rep1-185	0.0	0.0	0.0	rep1
p56rep1-186	0.0	0.0	0.0	rep1
p56rep1-187	0.0	0.0	0.0	rep1
p56rep1-188	0.0	0.0	0.0	rep1
p56rep1-189	0.0	0.0	0.0	rep1
p56rep1-190	0.0	0.0	0.0	rep1
p56rep1-191	0.0	0.0	0.0	rep1
p56rep1-192	0.0	0.0	0.0	rep1
p56rep1-193	0.0	0.0	0.0	rep1
p56rep1-194	0.0	0.0	0.0	rep1
p56rep1-195	0.0	0.0	0.0	rep1
p56rep1-196	0.0	0.0	0.0	rep1
p56rep1-197	0.0	0.0	0.0	rep1
p56rep1-198	0.0	0.0	0.0	rep1
p56rep1-199	0.0	0.0	0.0	rep1
p56rep1-200	0.0	0.0	0.0	rep1
p56rep1-201	0.0	0.0	0.0	rep1
p56rep1-202	0.0	0.0	0.0	rep1
p56rep1-203	0.0	0.0	0.0	rep1
p56rep1-204	0.0	0.0	0.0	rep1
p56rep1-205	0.0	0.0	0.0	rep1
p56rep1-206	0.0	0.0	0.0	rep1
p56rep1-207	0.0	0.0	0.0	rep1
p56rep1-208	0.0	0.0	0.0	rep1
p56rep1-209	0.0	0.0	0.0	rep1
p56rep1-210	0.0	0.0	0.0	rep1
p56rep1-211	0.0	0.0	0.0	rep1
p56rep1-212	0.0	0.0	0.0	rep1
p56rep1-213	0.0	0.0	0.0	rep1
p56rep1-214	0.0	0.0	0.0	rep1
p56rep1-215	0.0	0.0	0.0	rep1
p56rep1-216	0.0	0.0	0.0	rep1
p56rep1-217	0.0	0.0	0.0	rep1
p56rep1-218	0.0	0.0	0.0	rep1
p56rep1-219	0.0	0.0	0.0	rep1
p56rep1-220	0.0	0.0	0.0	rep1
p56rep1-221	0.0	0.0	0.0	rep1
p56rep1-222	0.0	0.0	0.0	rep1
p56rep1-223	0.0	0.0	0.0	rep1
p56rep1-224	0.0	0.0	0.0	rep1
p56rep1-225	0.0	0.0	0.0	rep1
p56rep1-226	0.0	0.0	0.0	rep1
p56rep1-227	0.0	0.0	0.0	rep1
p56rep1-228	0.0	0.0	0.0	rep1
p56rep1-229	0.0	0.0	0.0	rep1
p56rep1-230	0.0	0.0	0.0	rep1
p56rep1-231	0.0	0.0	0.0	rep1
p56rep1-232	0.0	0.0	0.0	rep1
p56rep1-233	0.0	0.0	0.0	rep1
p56rep1-234	0.0	0.0	0.0	rep1
p56rep1-235	0.0	0.0	0.0	rep1
p56rep1-236	0.0	0.0	0.0	rep1
p56rep1-237	0.0	0.0	0.0	rep1
p56rep1-238	0.0	0.0	0.0	rep1
p56rep1-239	0.0	0.0	0.0	rep1
p56rep1-240	0.0	0.0	0.0	rep1
p56rep1-241	0.0	0.0	0.0	rep1
p56rep1-242	0.0	0.0	0.0	rep1
p56rep1-243	0.0	0.0	0.0	rep1
p56rep1-244	0.0	0.0	0.0	rep1
p56rep1-245	0.0	0.0	0.0	rep1
p56rep1-246	0.0	0.0	0.0	rep1
p56rep1-247	0.0	0.0	0.0	rep1
p56rep1-248	0.0	0.0	0.0	rep1
p56rep1-249	0.0	0.0	0.0	rep1
p56rep1-250	0.0	0.0	0.0	rep1
p56rep1-251	0.0	0.0	0.0	rep1
p56rep1-252	0.0	0.0	0.0	rep1
p56rep1-253	0.0	0.0	0.0	rep1
p56rep1-254	0.0	0.0	0.0	rep1
p56rep1-255	0.0	0.0	0.0	rep1
p56rep1-256	0.0	0.0	0.0	rep1
p56rep1-257	0.0	0.0	0.0	rep1
p56rep1-258	0.0	0.0	0.0	rep1
p56rep1-259	0.0	0.0	0.0	rep1
p56rep1-260	0.0	0.0	0.0	rep1
p56rep1-261	0.0	0.0	0.0	rep1
p56rep1-262	0.0	0.0	0.0	rep1
p56rep1-263	0.0	0.0	0.0	rep1
p56rep1-264	0.0	0.0	0.0	rep1
p56rep1-265	0.0	0.0	0.0	rep1
p56rep1-266	0.0	0.0	0.0	rep1
p56rep1-267	0.0	0.0	0.0	rep1
p56rep1-268	0.0	0.0	0.0	rep1
p56rep1-269	0.0	0.0	0.0	rep1
p56rep1-270	0.0	0.0	0.0	rep1
p56rep1-271	0.0	0.0	0.0	rep1
p56rep1-272	0.0	0.0	0.0	rep1
p56rep1-273	0.0	0.0	0.0	rep1
p56rep1-274	0.0	0.0	0.0	rep1
p56rep1-275	0.0	0.0	0.0	rep1
p56rep1-276	0.0	0.0	0.0	rep1
p56rep1-277	0.0	0.0	0.0	rep1
p56rep1-278	0.0	0.0	0.0	rep1
p56rep1-279	0.0	0.0	0.0	rep1
p56rep1-280	0.0	0.0	0.0	rep1
p56rep1-281	0.0	0.0	0.0	rep1
p56rep1-282	0.0	0.0	0.0	rep1
p56rep1-283	0.0	0.0	0.0	rep1
p56rep1-284	0.0	0.0	0.0	rep1
p56rep1-285	0.0	0.0	0.0	rep1
p56rep1-286	0.0	0.0	0.0	rep1
p56rep1-287	0.0	0.0	0.0	rep1
p56rep1-288	0.0	0.0	0.0	rep1
p56rep1-289	0.0	0.0	0.0	rep1
p56rep1-290	0.0	0.0	0.0	rep1
p56rep1-291	0.0	0.0	0.0	rep1
p56rep1-292	0.0	0.0	0.0	rep1
p56rep1-293	0.0	0.0	0.0	rep1
p56rep1-294	0.0	0.0	0.0	rep1
p56rep1-295	0.0	0.0	0.0	rep1
p56rep1-296	0.0	0.0	0.0	rep1
p56rep1-297	0.0	0.0	0.0	rep1
p56rep1-298	0.0	0.0	0.0	rep1
p56rep1-299	0.0	0.0	0.0	rep1
p56rep1-300	0.0	0.0	0.0	rep1
p56rep1-301	0.0	0.0	0.0	rep1
p56rep1-302	0.0	0.0	0.0	rep1
p56rep1-303	0.0	0.0	0.0	rep1
p56rep1-304	0.0	0.0	0.0	rep1
p56rep1-305	0.0	0.0	0.0	rep1
p56rep1-306	0.0	0.0	0.0	rep1
p56rep1-307	0.0	0.0	0.0	rep1
p56rep1-308	0.0	0.0	0.0	rep1
p56rep1-309	0.0	0.0	0.0	rep1
p56rep1-310	0.0	0.0	0.0	rep1
p56rep1-311	0.0	0.0	0.0	rep1
p56rep1-312	0.0	0.0	0.0	rep1
p56rep1-313	0.0	0.0	0.0	rep1
p56rep1-314	0.0	0.0	0.0	rep1
p56rep1-315	0.0	0.0	0.0	rep1
p56rep1-316	0.0	0.0	0.0	rep1
p56rep1-317	0.0	0.0	0.0	rep1
p56rep1-318	0.0	0.0	0.0	rep1
p56rep1-319	0.0	0.0	0.0	rep1
p56rep1-320	0.0	0.0	0.0	rep1
p56rep1-321	0.0	0.0	0.0	rep1
p56rep1-322	0.0	0.0	0.0	rep1
p56rep1-323	0.0	0.0	0.0	rep1
p56rep1-324	0.0	0.0	0.0	rep1
p56rep1-325	0.0	0.0	0.0	rep1
p56rep1-326	0.0	0.0	0.0	rep1
p56rep1-327	0.0	0.0	0.0	rep1
p56rep1-328	0.0	0.0	0.0	rep1
p56rep1-329	0.0	0.0	0.0	rep1
p56rep1-330	0.0	0.0	0.0	rep1
p56rep1-331	0.0	0.0	0.0	rep1
p56rep1-332	0.0	0.0	0.0	rep1
p56rep1-333	0.0	0.0	0.0	rep1
p56rep1-334	0.0	0.0	0.0	rep1
p56rep1-335	0.0	0.0	0.0	rep1
p56rep1-336	0.0	0.0	0.0	rep1
p56rep1-337	0.0	0.0	0.0	rep1
p56rep1-338	0.0	0.0	0.0	rep1
p56rep1-339	0.0	0.0	0.0	rep1
p56rep1-340	0.0	0.0	0.0	rep1
p56rep1-341	0.0	0.0	0.0	rep1
p56rep1-342	0.0	0.0	0.0	rep1
p56rep1-343	0.0	0.0	0.0	rep1
p56rep1-344	0.0	0.0	0.0	rep1
p56rep1-345	0.0	0.0	0.0	rep1
p56rep1-346	0.0	0.0	0.0	rep1
p56rep1-347	0.0	0.0	0.0	rep1
p56rep1-348	0.0	0.0	0.0	rep1
p56rep1-349	0.0	0.0	0.0	rep1
p56rep1-350	0.0	0.0	0.0	rep1
p56rep1-351	0.0	0.0	0.0	rep1
p56rep1-352	0.0	0.0	0.0	rep1
p56rep1-353	0.0	0.0	0.0	rep1
p56rep1-354	0.0	0.0	0.0	rep1
p56rep1-355	0.0	0.0	0.0	rep1
p56rep1-356	0.0	0.0	0.0	rep1
p56rep1-357	0.0	0.0	0.0	rep1
p56rep1-358	0.0	0.0	0.0	rep1
p56rep1-359	0.0	0.0	0.0	rep1
p56rep1-360	0.0	0.0	0.0	rep1
p56rep1-361	0.0	0.0	0.0	rep1
p56rep1-362	0.0	0.0	0.0	rep1
p56rep1-363	0.0	0.0	0.0	rep1
p56rep1-364	0.0	0.0	0.0	rep1
p56rep1-365	0.0	0.0	0.0	rep1
p56rep1-366	0.0	0.0	0.0	rep1
p56rep1-367	0.0	0.0	0.0	rep1
p56rep1-368	0.0	0.0	0.0	rep1
p56rep1-369	0.0	0.0	0.0	rep1
p56rep1-370	0.0	0.0	0.0	rep1
p56rep1-371	0.0	0.0	0.0	rep1
p56rep1-372	0.0	0.0	0.0	rep1
p56rep1-373	0.0	0.0	0.0	rep1
p56rep1-374	0.0	0.0	0.0	rep1
p56rep1-375	0.0	0.0	0.0	rep1
p56rep1-376	0.0	0.0	0.0	rep1
p56rep1-377	0.0	0.0	0.0	rep1
p56rep1-378	0.0	0.0	0.0	rep1
p56rep1-379	0.0	0.0	0.0	rep1
p56rep1-380	0.0	0.0	0.0	rep1
p56rep1-381	0.0	0.0	0.0	rep1
p56rep1-382	0.0	0.0	0.0	rep1
p56rep1-383	0.0	0.0	0.0	rep1
p56rep1-384	0.0	0.0	0.0	rep1
p56rep1-385	0.0	0.0	0.0	rep1
p56rep1-386	0.0	0.0	0.0	rep1
p56rep1-387	0.0	0.0	0.0	rep1
p56rep1-388	0.0	0.0	0.0	rep1
p56rep1-389	0.0	0.0	0.0	rep1
p56rep1-390	0.0	0.0	0.0	rep1
p56rep1-391	0.0	0.0	0.0	rep1
p56rep1-392	0.0	0.0	0.0	rep1
p56rep1-393	0.0	0.0	0.0	rep1
p56rep1-394	0.0	0.0	0.0	rep1
p56rep1-395	0.0	0.0	0.0	rep1
p56rep1-396	0.0	0.0	0.0	rep1
p56rep1-397	0.0	0.0	0.0	rep1
p56rep1-398	0.0	0.0	0.0	rep1
p56rep1-399	0.0	0.0	0.0	rep1
p56rep1-400	0.0	0.0	0.0	rep1
p56rep1-401	0.0	0.0	0.0	rep1
p56rep1-402	0.0	0.0	0.0	rep1
p56rep1-403	0.0	0.0	0.0	rep1
p56rep1-404	0.0	0.0	0.0	rep1
p56rep1-405	0.0	0.0	0.0	rep1
p56rep1-406	0.0	0.0	0.0	rep1
p56rep1-407	0.0	0.0	0.0	rep1
p56rep1-408	0.0	0.0	0.0	rep1
p56rep1-409	0.0	0.0	0.0	rep1
p56rep1-410	0.0	0.0	0.0	rep1
p56rep1-411	0.0	0.0	0.0	rep1
p56rep1-412	0.0	0.0	0.0	rep1
p56rep1-413	0.0	0.0	0.0	rep1
p56rep1-414	0.0	0.0	0.0	rep1
p56rep1-415	0.0	0.0	0.0	rep1
p56rep1-416	0.0	0.0	0.0	rep1
p56rep1-417	0.0	0.0	0.0	rep1
p56rep1-418	0.0	0.0	0.0	rep1
p56rep1-419	0.0	0.0	0.0	rep1
p56rep1-420	0.0	0.0	0.0	rep1
p56rep1-421	0.0	0.0	0.0	rep1
p56rep1-422	0.0	0.0	0.0	rep1
p56rep1-423	0.0	0.0	0.0	rep1
p56rep1-424	0.0	0.0	0.0	rep1
p56rep1-425	0.0	0.0	0.0	rep1
p56rep1-426	0.0	0.0	0.0	rep1
p56rep1-427	0.0	0.0	0.0	rep1
p56rep1-428	0.0	0.0	0.0	rep1
p56rep1-429	0.0	0.0	0.0	rep1
p56rep1-430	0.0	0.0	0.0	rep1
p56rep1-431	0.0	0.0	0.0	rep1
p56rep1-432	0.0	0.0	0.0	rep1
p56rep1-433	0.0	0.0	0.0	rep1
p56rep1-434	0.0	0.0	0.0	rep1
p56rep1-435	0.0	0.0	0.0	rep1
p56rep1-436	0.0	0.0	0.0	rep1
p56rep1-437	0.0	0.0	0.0	rep1
p56rep1-438	0.0	0.0	0.0	rep1
p56rep1-439	0.0	0.0	0.0	rep1
p56rep1-440	0.0	0.0	0.0	rep1
p56rep1-441	0.0	0.0	0.0	rep1
p56rep1-442	0.0	0.0	0.0	rep1
p56rep1-443	0.0	0.0	0.0	rep1
p56rep1-444	0.0	0.0	0.0	rep1
p56rep1-445	0.0	0.0	0.0	rep1
p56rep1-446	0.0	0.0	0.0	rep1
p56rep1-447	0.0	0.0	0.0	rep1
p56rep1-448	0.0	0.0	0.0	rep1
p56rep1-449	0.0	0.0	0.0	rep1
p56rep1-450	0.0	0.0	0.0	rep1
p56rep1-451	0.0	0.0	0.0	rep1
p56rep1-452	0.0	0.0	0.0	rep1
p56rep1-453	0.0	0.0	0.0	rep1
p56rep1-454	0.0	0.0	0.0	rep1
p56rep1-455	0.0	0.0	0.0	rep1
p56rep1-456	0.0	0.0	0.0	rep1
p56rep1-457	0.0	0.0	0.0	rep1
p56rep1-458	0.0	0.0	0.0	rep1
p56rep1-459	0.0	0.0	0.0	rep1
p56rep1-460	0.0	0.0	0.0	rep1
p56rep1-461	0.0	0.0	0.0	rep1
p56rep1-462	0.0	0.0	0.0	rep1
p56rep1-463	0.0	0.0	0.0	rep1
p56rep1-464	0.0	0.0	0.0	rep1
p56rep1-465	0.0	0.0	0.0	rep1
p56rep1-466	0.0	0.0	0.0	rep1
p56rep1-467	0.0	0.0	0.0	rep1
p56rep1-468	0.0	0.0	0.0	rep1
p56rep1-469	0.0	0.0	0.0	rep1
p56rep1-470	0.0	0.0	0.0	rep1
p56rep1-471	0.0	0.0	0.0	rep1
p56rep1-472	0.0	0.0	0.0	rep1
p56rep1-473	0.0	0.0	0.0	rep1
p56rep1-474	0.0	0.0	0.0	rep1
p56rep1-475	0.0	0.0	0.0	rep1
p56rep1-476	0.0	0.0	0.0	rep1
p56rep1-477	0.0	0.0	0.0	rep1
p56rep1-478	0.0	0.0	0.0	rep1
p56rep1-479	0.0	0.0	0.0	rep1
p56rep1-480	0.0	0.0	0.0	rep1
p56rep1-481	0.0	0.0	0.0	rep1
p56rep1-482	0.0	0.0	0.0	rep1
p56rep1-483	0.0	0.0	0.0	rep1
p56rep1-484	0.0	0.0	0.0	rep1
p56rep1-485	0.0	0.0	0.0	rep1
p56rep1-486	0.0	0.0	0.0	rep1
p56rep1-487	0.0	0.0	0.0	rep1
p56rep1-488	0.0	0.0	0.0	rep1
p56rep1-489	0.0	0.0	0.0	rep1
p56rep1-490	0.0	0.0	0.0	rep1
p56rep1-491	0.0	0.0	0.0	rep1
p56rep1-492	0.0	0.0	0.0	rep1
p56rep1-493	0.0	0.0	0.0	rep1
p56rep1-494	0.0	0.0	0.0	rep1
p56rep1-495	0.0	0.0	0.0	rep1
p56rep1-496	0.0	0.0	0.0	rep1
p56rep1-497	0.0	0.0	0.0	rep1
p56rep1-498	0.0	0.0	0.0	rep1
p56rep1-499	0.0	0.0	0.0	rep1
p56rep1-500	0.0	0.0	0.0	rep1
p56rep1-501	0.0	0.0	0.0	rep1
p56rep1-502	0.0	0.0	0.0	rep1
p56rep1-503	0.0	0.0	0.0	rep1
p56rep1-504	0.0	0.0	0.0	rep1
p56rep1-505	0.0	0.0	0.0	rep1
p56rep1-506	0.0	0.0	0.0	rep1
p56rep1-507	0.0	0.0	0.0	rep1
p56rep1-508	0.0	0.0	0.0	rep1
p56rep1-509	0.0	0.0	0.0	rep1
p56rep1-510	0.0	0.0	0.0	rep1
p56rep1-511	0.0	0.0	0.0	rep1
p56rep1-512	0.0	0.0	0.0	rep1
p56rep1-513	0.0	0.0	0.0	rep1
p56rep1-514	0.0	0.0	0.0	rep1
p56rep1-515	0.0	0.0	0.0	rep1
p56rep1-516	0.0	0.0	0.0	rep1
p56rep1-517	0.0	0.0	0.0	rep1
p56rep1-518	0.0	0.0	0.0	rep1
p56rep1-519	0.0	0.0	0.0	rep1
p56rep1-520	0.0	0.0	0.0	rep1
p56rep1-521	0.0	0.0	0.0	rep1
p56rep1-522	0.0	0.0	0.0	rep1
p56rep1-523	0.0	0.0	0.0	rep1
p56rep1-524	0.0	0.0	0.0	rep1
p56rep1-525	0.0	0.0	0.0	rep1
p56rep1-526	0.0	0.0	0.0	rep1
p56rep1-527	0.0	0.0	0.0	rep1
p56rep1-528	0.0	0.0	0.0	rep1
p56rep1-529	0.0	0.0	0.0	rep1
p56rep1-530	0.0	0.0	0.0	rep1
p56rep1-531	0.0	0.0	0.0	rep1
p56rep1-532	0.0	0.0	0.0	rep1
p56rep1-533	0.0	0.0	0.0	rep1
p56rep1-534	0.0	0.0	0.0	rep1
p56rep1-535	0.0	0.0	0.0	rep1
p56rep1-536	0.0	0.0	0.0	rep1
p56rep1-537	0.0	0.0	0.0	rep1
p56rep1-538	0.0	0.0	0.0	rep1
p56rep1-539	0.0	0.0	0.0	rep1
p56rep1-540	0.0	0.0	0.0	rep1
p56rep1-541	0.0	0.0	0.0	rep1
p56rep1-542	0.0	0.0	0.0	rep1
p56rep1-543	0.0	0.0	0.0	rep1
p56rep1-544	0.0	0.0	0.0	rep1
p56rep1-545	0.0	0.0	0.0	rep1
p56rep1-546	0.0	0.0	0.0	rep1
p56rep1-547	0.0	0.0	0.0	rep1
p56rep1-548	0.0	0.0	0.0	rep1
p56rep1-549	0.0	0.0	0.0	rep1
p56rep1-550	0.0	0.0	0.0	rep1
p56rep1-551	0.0	0.0	0.0	rep1
p56rep1-552	0.0	0.0	0.0	rep1
p56rep1-553	0.0	0.0	0.0	rep1
p56rep1-554	0.0	0.0	0.0	rep1
p56rep1-555	0.0	0.0	0.0	rep1
p56rep1-556	0.0	0.0	0.0	rep1
p56rep1-557	0.0	0.0	0.0	rep1
p56rep1-558	0.0	0.0	0.0	rep1
p56rep1-559	0.0	0.0	0.0	rep1
p56rep1-560	0.0	0.0	0.0	rep1
p56rep1-561	0.0	0.0	0.0	rep1
p56rep1-562	0.0	0.0	0.0	rep1
p56rep1-563	0.0	0.0	0.0	rep1
p56rep1-564	0.0	0.0	0.0	rep1
p56rep1-565	0.0	0.0	0.0	rep1
p56rep1-566	0.0	0.0	0.0	rep1
p56rep1-567	0.0	0.0	0.0	rep1
p56rep1-568	0.0	0.0	0.0	rep1
p56rep1-569	0.0	0.0	0.0	rep1
p56rep1-570	0.0	0.0	0.0	rep1
p56rep1-571	0.0	0.0	0.0	rep1
p56rep1-572	0.0	0.0	0.0	rep1
p56rep1-573	0.0	0.0	0.0	rep1
p56rep1-574	0.0	0.0	0.0	rep1
p56rep1-575	0.0	0.0	0.0	rep1
p56rep1-576	0.0	0.0	0.0	rep1
p56rep1-577	0.0	0.0	0.0	rep1
p56rep1-578	0.0	0.0	0.0	rep1
p56rep1-579	0.0	0.0	0.0	rep1
p56rep1-580	0.0	0.0	0.0	rep1
p56rep1-581	0.0	0.0	0.0	rep1
p56rep1-582	0.0	0.0	0.0	rep1
p56rep1-583	0.0	0.0	0.0	rep1
p56rep1-584	0.0	0.0	0.0	rep1
p56rep1-585	0.0	0.0	0.0	rep1
p56rep1-586	0.0	0.0	0.0	rep1
p56rep1-587	0.0	0.0	0.0	rep1
p56rep1-588	0.0	0.0	0.0	rep1
p56rep1-589	0.0	0.0	0.0	rep1
p56rep1-590	0.0	0.0	0.0	rep1
p56rep1-591	0.0	0.0	0.0	rep1
p56rep1-592	0.0	0.0	0.0	rep1
p56rep1-593	0.0	0.0	0.0	rep1
p56rep1-594	0.0	0.0	0.0	rep1
p56rep1-595	0.0	0.0	0.0	rep1
p56rep1-596	0.0	0.0	0.0	rep1
p56rep1-597	0.0	0.0	0.0	rep1
p56rep1-598	0.0	0.0	0.0	rep1
p56rep1-599	0.0	0.0	0.0	rep1
p56rep1-600	0.0	0.0	0.0	rep1
p56rep1-601	0.0	0.0	0.0	rep1
p56rep1-602	0.0	0.0	0.0	rep1
p56rep1-603	0.0	0.0	0.0	rep1
p56rep1-604	0.0	0.0	0.0	rep1
p56rep1-605	0.0	0.0	0.0	rep1
p56rep1-606	0.0	0.0	0.0	rep1
p56rep1-607	0.0	0.0	0.0	rep1
p56rep1-608	0.0	0.0	0.0	rep1
p56rep1-609	0.0	0.0	0.0	rep1
p56rep1-610	0.0	0.0	0.0	rep1
p56rep1-611	0.0	0.0	0.0	rep1
p56rep1-612	0.0	0.0	0.0	rep1
p56rep1-613	0.0	0.0	0.0	rep1
p56rep1-614	0.0	0.0	0.0	rep1
p56rep1-615	0.0	0.0	0.0	rep1
p56rep1-616	0.0	0.0	0.0	rep1
p56rep1-617	0.0	0.0	0.0	rep1
p56rep1-618	0.0	0.0	0.0	rep1
p56rep1-619	0.0	0.0	0.0	rep1
p56rep1-620	0.0	0.0	0.0	rep1
p56rep1-621	0.0	0.0	0.0	rep1
p56rep1-622	0.0	0.0	0.0	rep1
p56rep1-623	0.0	0.0	0.0	rep1
p56rep1-624	0.0	0.0	0.0	rep1
p56rep1-625	0.0	0.0	0.0	rep1
p56rep1-626	0.0	0.0	0.0	rep1
p56rep1-627	0.0	0.0	0.0	rep1
p56rep1-628	0.0	0.0	0.0	rep1
p56rep1-629	0.0	0.0	0.0	rep1
p56rep1-630	0.0	0.0	0.0	rep1
p56rep1-631	0.0	0.0	0.0	rep1
p56rep1-632	0.0	0.0	0.0	rep1
p56rep1-633	0.0	0.0	0.0	rep1
p56rep1-634	0.0	0.0	0.0	rep1
p56rep1-635	0.0	0.0	0.0	rep1
p56rep1-636	0.0	0.0	0.0	rep1
p56rep1-637	0.0	0.0	0.0	rep1
p56rep1-638	0.0	0.0	0.0	rep1
p56rep1-639	0.0	0.0	0.0	rep1
p56rep1-640	0.0	0.0	0.0	rep1
p56rep1-641	0.0	0.0	0.0	rep1
p56rep1-642	0.0	0.0	0.0	rep1
p56rep1-643	0.0	0.0	0.0	rep1
p56rep1-644	0.0	0.0	0.0	rep1
p56rep1-645	0.0	0.0	0.0	rep1
p56rep1-646	0.0	0.0	0.0	rep1
p56rep1-647	0.0	0.0	0.0	rep1
p56rep1-648	0.0	0.0	0.0	rep1
p56rep1-649	0.0	0.0	0.0	rep1
p56rep1-650	0.0	0.0	0.0	rep1
p56rep1-651	0.0	0.0	0.0	rep1
p56rep1-652	0.0	0.0	0.0	rep1
p56rep1-653	0.0	0.0	0.0	rep1
p56rep1-654	0.0	0.0	0.0	rep1
p56rep1-655	0.0	0.0	0.0	rep1
p56rep1-656	0.0	0.0	0.0	rep1
p56rep1-657	0.0	0.0	0.0	rep1
p56rep1-658	0.0	0.0	0.0	rep1
p56rep1-659	0.0	0.0	0.0	rep1
p56rep1-660	0.0	0.0	0.0	rep1
p56rep1-661	0.0	0.0	0.0	rep1
p56rep1-662	0.0	0.0	0.0	rep1
p56rep1-663	0.0	0.0	0.0	rep1
p56rep1-664	0.0	0.0	0.0	rep1
p56rep1-665	0.0	0.0	0.0	rep1
p56rep1-666	0.0	0.0	0.0	rep1
p56rep1-667	0.0	0.0	0.0	rep1
p56rep1-668	0.0	0.0	0.0	rep1
p56rep1-669	0.0	0.0	0.0	rep1
p56rep1-670	0.0	0.0	0.0	rep1
p56rep1-671	0.0	0.0	0.0	rep1
p56rep1-672	0.0	0.0	0.0	rep1
p56rep1-673	0.0	0.0	0.0	rep1
p56rep1-674	0.0	0.0	0.0	rep1
p56rep1-675	0.0	0.0	0.0	rep1
p56rep1-676	0.0	0.0	0.0	rep1
p56rep1-677	0.0	0.0	0.0	rep1
p56rep1-678	0.0	0.0	0.0	rep1
p56rep1-679	0.0	0.0	0.0	rep1
p56rep1-680	0.0	0.0	0.0	rep1
p56rep1-681	0.0	0.0	0.0	rep1
p56rep1-682	0.0	0.0	0.0	rep1
p56rep1-683	0.0	0.0	0.0	rep1
p56rep1-684	0.0	0.0	0.0	rep1
p56rep1-685	0.0	0.0	0.0	rep1
p56rep1-686	0.0	0.0	0.0	rep1
p56rep1-687	0.0	0.0	0.0	rep1
p56rep1-688	0.0	0.0	0.0	rep1
p56rep1-689	0.0	0.0	0.0	rep1
p56rep1-690	0.0	0.0	0.0	rep1
p56rep1-691	0.0	0.0	0.0	rep1
p56rep1-692	0.0	0.0	0.0	rep1
p56rep1-693	0.0	0.0	0.0	rep1
p56rep1-694	0.0	0.0	0.0	rep1
p56rep1-695	0.0	0.0	0.0	rep1
p56rep1-696	0.0	0.0	0.0	rep1
p56rep1-697	0.0	0.0	0.0	rep1
p56rep1-698	0.0	0.0	0.0	rep1
p56rep1-699	0.0	0.0	0.0	rep1
p56rep1-700	0.0	0.0	0.0	rep1
p56rep1-701	0.0	0.0	0.0	rep1
p56rep1-702	0.0	0.0	0.0	rep1
p56rep1-703	0.0	0.0	0.0	rep1
p56rep1-704	0.0	0.0	0.0	rep1
p56rep1-705	0.0	0.0	0.0	rep1
p56rep1-706	0.0	0.0	0.0	rep1
p56rep1-707	0.0	0.0	0.0	rep1
p56rep1-708	0.0	0.0	0.0	rep1
p56rep1-709	0.0	0.0	0.0	rep1
p56rep1-710	0.0	0.0	0.0	rep1
p56rep1-711	0.0	0.0	0.0	rep1
p56rep1-712	0.0	0.0	0.0	rep1
p56rep1-713	0.0	0.0	0.0	rep1
p56rep1-714	0.0	0.0	0.0	rep1
p56rep1-715	0.0	0.0	0.0	rep1
p56rep1-716	0.0	0.0	0.0	rep1
p56rep1-717	0.0	0.0	0.0	rep1
p56rep1-718	0.0	0.0	0.0	rep1
p56rep1-719	0.0	0.0	0.0	rep1
p56rep1-720	0.0	0.0	0.0	rep1
p56rep1-721	0.0	0.0	0.0	rep1
p56rep1-722	0.0	0.0	0.0	rep1
p56rep1-723	0.0	0.0	0.0	rep1
p56rep1-724	0.0	0.0	0.0	rep1
p56rep1-725	0.0	0.0	0.0	rep1
p56rep1-726	0.0	0.0	0.0	rep1
p56rep1-727	0.0	0.0	0.0	rep1
p56rep1-728	0.0	0.0	0.0	rep1
p56rep1-729	0.0	0.0	0.0	rep1
p56rep1-730	0.0	0.0	0.0	rep1
p56rep1-731	0.0	0.0	0.0	rep1
p56rep1-732	0.0	0.0	0.0	rep1
p56rep1-733	0.0	0.0	0.0	rep1
p56rep1-734	0.0	0.0	0.0	rep1
p56rep1-735	0.0	0.0	0.0	rep1
p56rep1-736	0.0	0.0	0.0	rep1
p56rep1-737	0.0	0.0	0.0	rep1
p56rep1-738	0.0	0.0	0.0	rep1
p56rep1-739	0.0	0.0	0.0	rep1
p56rep1-740	0.0	0.0	0.0	rep1
p56rep1-741	0.0	0.0	0.0	rep1
p56rep1-742	0.0	0.0	0.0	rep1
p56rep1-743	0.0	0.0	0.0	rep1
p56rep1-744	0.0	0.0	0.0	rep1
p56rep1-745	0.0	0.0	0.0	rep1
p56rep1-746	0.0	0.0	0.0	rep1
p56rep1-747	0.0	0.0	0.0	rep1
p56rep1-748	0.0	0.0	0.0	rep1
p56rep1-749	0.0	0.0	0.0	rep1
p56rep1-750	0.0	0.0	0.0	rep1
p56rep1-751	0.0	0.0	0.0	rep1
p56rep1-752	0.0	0.0	0.0	rep1
p56rep1-753	0.0	0.0	0.0	rep1
p56rep1-754	0.0	0.0	0.0	rep1
p56rep1-755	0.0	0.0	0.0	rep1
p56rep1-756	0.0	0.0	0.0	rep1
p56rep1-757	0.0	0.0	0.0	rep1
p56rep1-758	0.0	0.0	0.0	rep1
p56rep1-759	0.0	0.0	0.0	rep1
p56rep1-760	0.0	0.0	0.0	rep1
p56rep1-761	0.0	0.0	0.0	rep1
p56rep1-762	0.0	0.0	0.0	rep1
p56rep1-763	0.0	0.0	0.0	rep1
p56rep1-764	0.0	0.0	0.0	rep1
p56rep1-765	0.0	0.0	0.0	rep1
p56rep1-766	0.0	0.0	0.0	rep1
p56rep1-767	0.0	0.0	0.0	rep1
p56rep1-768	0.0	0.0	0.0	rep1
p56rep1-769	0.0	0.0	0.0	rep1
p56rep1-770	0.0	0.0	0.0	rep1
p56rep1-771	0.0	0.0	0.0	rep1
p56rep1-772	0.0	0.0	0.0	rep1
p56rep1-773	0.0	0.0	0.0	rep1
p56rep1-774	0.0	0.0	0.0	rep1
p56rep1-775	0.0	0.0	0.0	rep1
p56rep1-776	0.0	0.0	0.0	rep1
p56rep1-777	0.0	0.0	0.0	rep1
p56rep1-778	0.0	0.0	0.0	rep1
p56rep1-779	0.0	0.0	0.0	rep1
p56rep1-780	0.0	0.0	0.0	rep1
p56rep1-781	0.0	0.0	0.0	rep1
p56rep1-782	0.0	0.0	0.0	rep1
p56rep1-783	0.0	0.0	0.0	rep1
p56rep1-784	0.0	0.0	0.0	rep1
p56rep1-785	0.0	0.0	0.0	rep1
p56rep1-786	0.0	0.0	0.0	rep1
p56rep1-787	0.0	0.0	0.0	rep1
p56rep1-788	0.0	0.0	0.0	rep1
p56rep1-789	0.0	0.0	0.0	rep1
p56rep1-790	0.0	0.0	0.0	rep1
p56rep1-791	0.0	0.0	0.0	rep1
p56rep1-792	0.0	0.0	0.0	rep1
p56rep1-793	0.0	0.0	0.0	rep1
p56rep1-794	0.0	0.0	0.0	rep1
p56rep1-795	0.0	0.0	0.0	rep1
p56rep1-796	0.0	0.0	0.0	rep1
p56rep1-797	0.0	0.0	0.0	rep1
p56rep1-798	0.0	0.0	0.0	rep1
p56rep1-799	0.0	0.0	0.0	rep1
p56rep1-800	0.0	0.0	0.0	rep1
p56rep1-801	0.0	0.0	0.0	rep1
p56rep1-802	0.0	0.0	0.0	rep1
p56rep1-803	0.0	0.0	0.0	rep1
p56rep1-804	0.0	0.0	0.0	rep1
p56rep1-805	0.0	0.0	0.0	rep1
p56rep1-806	0.0	0.0	0.0	rep1
p56rep1-807	0.0	0.0	0.0	rep1
p56rep1-808	0.0	0.0	0.0	rep1
p56rep1-809	0.0	0.0	0.0	rep1
p56rep1-810	0.0	0.0	0.0	rep1
p56rep1-811	0.0	0.0	0.0	rep1
p56rep1-812	0.0	0.0	0.0	rep1
p56rep1-813	0.0	0.0	0.0	rep1
p56rep1-814	0.0	0.0	0.0	rep1
p56rep1-815	0.0	0.0	0.0	rep1
p56rep1-816	0.0	0.0	0.0	rep1
p56rep1-817	0.0	0.0	0.0	rep1
p56rep1-818	0.0	0.0	0.0	rep1
p56rep1-819	0.0	0.0	0.0	rep1
p56rep1-820	0.0	0.0	0.0	rep1
p56rep1-821	0.0	0.0	0.0	rep1
p56rep1-822	0.0	0.0	0.0	rep1
p56rep1-823	0.0	0.0	0.0	rep1
p56rep1-824	0.0	0.0	0.0	rep1
p56rep1-825	0.0	0.0	0.0	rep1
p56rep1-826	0.0	0.0	0.0	rep1
p56rep1-827	0.0	0.0	0.0	rep1
p56rep1-828	0.0	0.0	0.0	rep1
p56rep1-829	0.0	0.0	0.0	rep1
p56rep1-830	0.0	0.0	0.0	rep1
p56rep1-831	0.0	0.0	0.0	rep1
p56rep1-832	0.0	0.0	0.0	rep1
p56rep1-833	0.0	0.0	0.0	rep1
p56rep1-834	0.0	0.0	0.0	rep1
p56rep1-835	0.0	0.0	0.0	rep1
p56rep1-836	0.0	0.0	0.0	rep1
p56rep1-837	0.0	0.0	0.0	rep1
p56rep1-838	0.0	0.0	0.0	rep1
p56rep1-839	0.0	0.0	0.0	rep1
p56rep1-840	0.0	0.0	0.0	rep1
p56rep1-841	0.0	0.0	0.0	rep1
p56rep1-842	0.0	0.0	0.0	rep1
p56rep1-843	0.0	0.0	0.0	rep1
p56rep1-844	0.0	0.0	0.0	rep1
p56rep1-845	0.0	0.0	0.0	rep1
p56rep1-846	0.0	0.0	0.0	rep1
p56rep1-847	0.0	0.0	0.0	rep1
p56rep1-848	0.0	0.0	0.0	rep1
p56rep1-849	0.0	0.0	0.0	rep1
p56rep1-850	0.0	0.0	0.0	rep1
p56rep1-851	0.0	0.0	0.0	rep1
p56rep1-852	0.0	0.0	0.0	rep1
p56rep1-853	0.0	0.0	0.0	rep1
p56rep1-854	0.0	0.0	0.0	rep1
p56rep1-855	0.0	0.0	0.0	rep1
p56rep1-856	0.0	0.0	0.0	rep1
p56rep1-857	0.0	0.0	0.0	rep1
p56rep1-858	0.0	0.0	0.0	rep1
p56rep1-859	0.0	0.0	0.0	rep1
p56rep1-860	0.0	0.0	0.0	rep1
p56rep1-861	0.0	0.0	0.0	rep1
p56rep1-862	0.0	0.0	0.0	rep1
p56rep1-863	0.0	0.0	0.0	rep1
p56rep1-864	0.0	0.0	0.0	rep1
p56rep1-865	0.0	0.0	0.0	rep1
p56rep1-866	0.0	0.0	0.0	rep1
p56rep1-867	0.0	0.0	0.0	rep1
p56rep1-868	0.0	0.0	0.0	rep1
p56rep1-869	0.0	0.0	0.0	rep1
p56rep1-870	0.0	0.0	0.0	rep1
p56rep1-871	0.0	0.0	0.0	rep1
p56rep1-872	0.0	0.0	0.0	rep1
p56rep1-873	0.0	0.0	0.0	rep1
p56rep1-874	0.0	0.0	0.0	rep1
p56rep1-875	0.0	0.0	0.0	rep1
p56rep1-876	0.0	0.0	0.0	rep1
p56rep1-877	0.0	0.0	0.0	rep1
p56rep1-878	0.0	0.0	0.0	rep1
p56rep1-879	0.0	0.0	0.0	rep1
p56rep1-880	0.0	0.0	0.0	rep1
p56rep1-881	0.0	0.0	0.0	rep1
p56rep1-882	0.0	0.0	0.0	rep1
p56rep1-883	0.0	0.0	0.0	rep1
p56rep1-884	0.0	0.0	0.0	rep1
p56rep1-885	0.0	0.0	0.0	rep1
p56rep1-886	0.0	0.0	0.0	rep1
p56rep1-887	0.0	0.0	0.0	rep1
p56rep1-888	0.0	0.0	0.0	rep1
p56rep1-889	0.0	0.0	0.0	rep1
p56rep1-890	0.0	0.0	0.0	rep1
p56rep1-891	0.0	0.0	0.0	rep1
p56rep1-892	0.0	0.0	0.0	rep1
p56rep1-893	0.0	0.0	0.0	rep1
p56rep1-894	0.0	0.0	0.0	rep1
p56rep1-895	0.0	0.0	0.0	rep1
p56rep1-896	0.0	0.0	0.0	rep1
p56rep1-897	0.0	0.0	0.0	rep1
p56rep1-898	0.0	0.0	0.0	rep1
p56rep1-899	0.0	0.0	0.0	rep1
p56rep1-900	0.0	0.0	0.0	rep1
p56rep1-901	0.0	0.0	0.0	rep1
p56rep1-902	0.0	0.0	0.0	rep1
p56rep1-903	0.0	0.0	0.0	rep1
p56rep1-904	0.0	0.0	0.0	rep1
p56rep1-905	0.0	0.0	0.0	rep1
p56rep1-906	0.0	0.0	0.0	rep1
p56rep1-907	0.0	0.0	0.0	rep1
p56rep1-908	0.0	0.0	0.0	rep1
p56rep1-909	0.0	0.0	0.0	rep1
p56rep1-910	0.0	0.0	0.0	rep1
p56rep1-911	0.0	0.0	0.0	rep1
p56rep1-912	0.0	0.0	0.0	rep1
p56rep1-913	0.0	0.0	0.0	rep1
p56rep1-914	0.0	0.0	0.0	rep1
p56rep1-915	0.0	0.0	0.0	rep1
p56rep1-916	0.0	0.0	0.0	rep1
p56rep1-917	0.0	0.0	0.0	rep1
p56rep1-918	0.0	0.0	0.0	rep1
p56rep1-919	0.0	0.0	0.0	rep1
p56rep1-920	0.0	0.0	0.0	rep1
p56rep1-921	0.0	0.0	0.0	rep1
p56rep1-922	0.0	0.0	0.0	rep1
p56rep1-923	0.0	0.0	0.0	rep1
p56rep1-924	0.0	0.0	0.0	rep1
p56rep1-925	0.0	0.0	0.0	rep1
p56rep1-926	0.0	0.0	0.0	rep1
p56rep1-927	0.0	0.0	0.0	rep1
p56rep1-928	0.0	0.0	0.0	rep1
p56rep1-929	0.0	0.0	0.0	rep1
p56rep1-930	0.0	0.0	0.0	rep1
p56rep1-931	0.0	0.0	0.0	rep1
p56rep1-932	0.0	0.0	0.0	rep1
p56rep1-933	0.0	0.0	0.0	rep1
p56rep1-934	0.0	0.0	0.0	rep1
p56rep1-935	0.0	0.0	0.0	rep1
p56rep1-936	0.0	0.0	0.0	rep1
p56rep1-937	0.0	0.0	0.0	rep1
p56rep1-938	0.0	0.0	0.0	rep1
p56rep1-939	0.0	0.0	0.0	rep1
p56rep1-940	0.0	0.0	0.0	rep1
p56rep1-941	0.0	0.0	0.0	rep1
p56rep1-942	0.0	0.0	0.0	rep1
p56rep1-943	0.0	0.0	0.0	rep1
p56rep1-944	0.0	0.0	0.0	rep1
p56rep1-945	0.0	0.0	0.0	rep1
p56rep1-946	0.0	0.0	0.0	rep1
p56rep1-947	0.0	0.0	0.0	rep1
p56rep1-948	0.0	0.0	0.0	rep1
p56rep1-949	0.0	0.0	0.0	rep1
p56rep1-950	0.0	0.0	0.0	rep1
p56rep1-951	0.0	0.0	0.0	rep1
p56rep1-952	0.0	0.0	0.0	rep1
p56rep1-953	0.0	0.0	0.0	rep1
p56rep1-954	0.0	0.0	0.0	rep1
p56rep1-955	0.0	0.0	0.0	rep1
p56rep1-956	0.0	0.0	0.0	rep1
p56rep1-957	0.0	0.0	0.0	rep1
p56rep1-958	0.0	0.0	0.0	rep1
p56rep1-959	0.0	0.0	0.0	rep1
p56rep1-960	0.0	0.0	0.0	rep1
p56rep1-961	0.0	0.0	0.0	rep1
p56rep1-962	0.0	0.0	0.0	rep1
p56rep1-963	0.0	0.0	0.0	rep1
p56rep1-964	0.0	0.0	0.0	rep1
p56rep1-965	0.0	0.0	0.0	rep1
p56rep1-966	0.0	0.0	0.0	rep1
p56rep1-967	0.0	0.0	0.0	rep1
p56rep1-968	0.0	0.0	0.0	rep1
p56rep1-969	0.0	0.0	0.0	rep1
p56rep1-970	0.0	0.0	0.0	rep1
p56rep1-971	0.0	0.0	0.0	rep1
p56rep1-972	0.0	0.0	0.0	rep1
p56rep1-973	0.0	0.0	0.0	rep1
p56rep1-974	0.0	0.0	0.0	rep1
p56rep1-975	0.0	0.0	0.0	rep1
p56rep1-976	0.0	0.0	0.0	rep1
p56rep1-977	0.0	0.0	0.0	rep1
p56rep1-978	0.0	0.0	0.0	rep1
p56rep1-979	0.0	0.0	0.0	rep1
p56rep1-980	0.0	0.0	0.0	rep1
p56rep1-981	0.0	0.0	0.0	rep1
p56rep1-982	0.0	0.0	0.0	rep1
p56rep1-983	0.0	0.0	0.0	rep1
p56rep1-984	0.0	0.0	0.0	rep1
p56rep1-985	0.0	0.0	0.0	rep1
p56rep1-986	0.0	0.0	0.0	rep1
p56rep1-987	0.0	0.0	0.0	rep1
p56rep1-988	0.0	0.0	0.0	rep1
p56rep1-989	0.0	0.0	0.0	rep1
p56rep1-990	0.0	0.0	0.0	rep1
p56rep1-991	0.0	0.0	0.0	rep1
p56rep1-992	0.0	0.0	0.0	rep1
p56rep1-993	0.0	0.0	0.0	rep1
p56rep1-994	0.0	0.0	0.0	rep1
p56rep1-995	0.0	0.0	0.0	rep1
p56rep1-996	0.0	0.0	0.0	rep1
p56rep1-997	0.0	0.0	0.0	rep1
p56rep1-998	0.0	0.0	0.0	rep1
p56rep1-999	0.0	0.0	0.0	rep1
p56rep1-1000	0.0	0.0	0.0	rep1
p56rep1-1001	0.0	0.0	0.0	rep1
p56rep1-1002	0.0	0.0	0.0	rep1
p56rep1-1003	0.0	0.0	0.0	rep1
p56rep1-1004	0.0	0.0	0.0	rep1
p56rep1-1005	0.0	0.0	0.0	rep1
p56rep1-1006	0.0	0.0	0.0	rep1
p56rep1-1007	0.0	0.0	0.0	rep1
p56rep1-1008	0.0	0.0	0.0	rep1
p56rep1-1009	0.0	0.0	0.0	rep1
p56rep1-1010	0.0	0.0	0.0	rep1
p56rep1-1011	0.0	0.0	0.0	rep1
p56rep1-1012	0.0	0.0	0.0	rep1
p56rep1-1013	0.0	0.0	0.0	rep1
p56rep1-1014	0.0	0.0	0.0	rep1
p56rep1-1015	0.0	0.0	0.0	rep1
p56rep1-1016	0.0	0.0	0.0	rep1
p56rep1-1017	0.0	0.0	0.0	rep1
p56rep1-1018	0.0	0.0	0.0	rep1
p56rep1-1019	0.0	0.0	0.0	rep1
p56rep1-1020	0.0	0.0	0.0	rep1
p56rep1-1021	0.0	0.0	0.0	rep1
p56rep1-1022	0.0	0.0	0.0	rep1
p56rep1-1023	0.0	0.0	0.0	rep1
p56rep1-1024	0.0	0.0	0.0	rep1
p56rep1-1025	0.0	0.0	0.0	rep1
p56rep1-1026	0.0	0.0	0.0	rep1
p56rep1-1027	0.0	0.0	0.0	rep1
p56rep1-1028	0.0	0.0	0.0	rep1
p56rep1-1029	0.0	0.0	0.0	rep1
p56rep1-1030	0.0	0.0	0.0	rep1
p56rep1-1031	0.0	0.0	0.0	rep1
p56rep1-1032	0.0	0.0	0.0	rep1
p56rep1-1033	0.0	0.0	0.0	rep1
p56rep1-1034	0.0	0.0	0.0	rep1
p56rep1-1035	0.0	0.0	0.0	rep1
p56rep1-1036	0.0	0.0	0.0	rep1
p56rep1-1037	0.0	0.0	0.0	rep1
p56rep1-1038	0.0	0.0	0.0	rep1
p56rep1-1039	0.0	0.0	0.0	rep1
p56rep1-1040	0.0	0.0	0.0	rep1
p56rep1-1041	0.0	0.0	0.0	rep1
p56rep1-1042	0.0	0.0	0.0	rep1
p56rep1-1043	0.0	0.0	0.0	rep1
p56rep1-1044	0.0	0.0	0.0	rep1
p56rep1-1045	0.0	0.0	0.0	rep1
p56rep1-1046	0.0	0.0	0.0	rep1
p56rep1-1047	0.0	0.0	0.0	rep1
p56rep1-1048	0.0	0.0	0.0	rep1
p56rep1-1049	0.0	0.0	0.0	rep1
p56rep1-1050	0.0	0.0	0.0	rep1
p56rep1-1051	0.0	0.0	0.0	rep1
p56rep1-1052	0.0	0.0	0.0	rep1
p56rep1-1053	0.0	0.0	0.0	rep1
p56rep1-1054	0.0	0.0	0.0	rep1
p56rep1-1055	0.0	0.0	0.0	rep1
p56rep1-1056	0.0	0.0	0.0	rep1
p56rep1-1057	0.0	0.0	0.0	rep1
p56rep1-1058	0.0	0.0	0.0	rep1
p56rep1-1059	0.0	0.0	0.0	rep1
p56rep1-1060	0.0	0.0	0.0	rep1
p56rep1-1061	0.0	0.0	0.0	rep1
p56rep1-1062	0.0	0.0	0.0	rep1
p56rep1-1063	0.0	0.0	0.0	rep1
p56rep1-1064	0.0	0.0	0.0	rep1
p56rep1-1065	0.0	0.0	0.0	rep1
p56rep1-1066	0.0	0.0	0.0	rep1
p56rep1-1067	0.0	0.0	0.0	rep1
p56rep1-1068	0.0	0.0	0.0	rep1
p56rep1-1069	0.0	0.0	0.0	rep1
p56rep1-1070	0.0	0.0	0.0	rep1
p56rep1-1071	0.0	0.0	0.0	rep1
p56rep1-1072	0.0	0.0	0.0	rep1
p56rep1-1073	0.0	0.0	0.0	rep1
p56rep1-1074	0.0	0.0	0.0	rep1
p56rep1-1075	0.0	0.0	0.0	rep1
p56rep1-1076	0.0	0.0	0.0	rep1
p56rep1-1077	0.0	0.0	0.0	rep1
p56rep1-1078	0.0	0.0	0.0	rep1
p56rep1-1079	0.0	0.0	0.0	rep1
p56rep1-1080	0.0	0.0	0.0	rep1
p56rep1-1081	0.0	0.0	0.0	rep1
p56rep1-1082	0.0	0.0	0.0	rep1
p56rep1-1083	0.0	0.0	0.0	rep1
p56rep1-1084	0.0	0.0	0.0	rep1
p56rep1-1085	0.0	0.0	0.0	rep1
p56rep1-1086	0.0	0.0	0.0	rep1
p56rep1-1087	0.0	0.0	0.0	rep1
p56rep1-1088	0.0	0.0	0.0	rep1
p56rep1-1089	0.0	0.0	0.0	rep1
p56rep1-1090	0.0	0.0	0.0	rep1
p56rep1-1091	0.0	0.0	0.0	rep1
p56rep1-1092	0.0	0.0	0.0	rep1
p56rep1-1093	0.0	0.0	0.0	rep1
p56rep1-1094	0.0	0.0	0.0	rep1
p56rep1-1095	0.0	0.0	0.0	rep1
p56rep1-1096	0.0	0.0	0.0	rep1
p56rep1-1097	0.0	0.0	0.0	rep1
p56rep1-1098	0.0	0.0	0.0	rep1
p56rep1-1099	0.0	0.0	0.0	rep1
p56rep1-1100	0.0	0.0	0.0	rep1
p56rep1-1101	0.0	0.0	0.0	rep1
p56rep1-1102	0.0	0.0	0.0	rep1
p56rep1-1103	0.0	0.0	0.0	rep1
p56rep1-1104	0.0	0.0	0.0	rep1
p56rep1-1105	0.0	0.0	0.0	rep1
p56rep1-1106	0.0	0.0	0.0	rep1
p56rep1-1107	0.0	0.0	0.0	rep1
p56rep1-1108	0.0	0.0	0.0	rep1
p56rep1-1109	0.0	0.0	0.0	rep1
p56rep1-1110	0.0	0.0	0.0	rep1
p56rep1-1111	0.0	0.0	0.0	rep1
p56rep1-1112	0.0	0.0	0.0	rep1
p56rep1-1113	0.0	0.0	0.0	rep1
p56rep1-1114	0.0	0.0	0.0	rep1
p56rep1-1115	0.0	0.0	0.0	rep1
p56rep1-1116	0.0	0.0	0.0	rep1
p56rep1-1117	0.0	0.0	0.0	rep1
p56rep1-1118	0.0	0.0	0.0	rep1
p56rep1-1119	0.0	0.0	0.0	rep1
p56rep1-1120	0.0	0.0	0.0	rep1
p56rep1-1121	0.0	0.0	0.0	rep1
p56rep1-1122	0.0	0.0	0.0	rep1
p56rep1-1123	0.0	0.0	0.0	rep1
p56rep1-1124	0.0	0.0	0.0	rep1
p56rep1-1125	0.0	0.0	0.0	rep1
p56rep1-1126	0.0	0.0	0.0	rep1
p56rep1-1127	0.0	0.0	0.0	rep1
p56rep1-1128	0.0	0.0	0.0	rep1
p56rep1-1129	0.0	0.0	0.0	rep1
p56rep1-1130	0.0	0.0	0.0	rep1
p56rep1-1131	0.0	0.0	0.0	rep1
p56rep1-1132	0.0	0.0	0.0	rep1
p56rep1-1133	0.0	0.0	0.0	rep1
p56rep1-1134	0.0	0.0	0.0	rep1
p56rep1-1135	0.0	0.0	0.0	rep1
p56rep1-1136	0.0	0.0	0.0	rep1
p56rep1-1137	0.0	0.0	0.0	rep1
p56rep1-1138	0.0	0.0	0.0	rep1
p56rep1-1139	0.0	0.0	0.0	rep1
p56rep1-1140	0.0	0.0	0.0	rep1
p56rep1-1141	0.0	0.0	0.0	rep1
p56rep1-1142	0.0	0.0	0.0	rep1
p56rep1-1143	0.0	0.0	0.0	rep1
p56rep1-1144	0.0	0.0	0.0	rep1
p56rep1-1145	0.0	0.0	0.0	rep1
p56rep1-1146	0.0	0.0	0.0	rep1
p56rep1-1147	0.0	0.0	0.0	rep1
p56rep1-1148	0.0	0.0	0.0	rep1
p56rep1-1149	0.0	0.0	0.0	rep1
p56rep1-1150	0.0	0.0	0.0	rep1
p56rep1-1151	0.0	0.0	0.0	rep1
p56rep1-1152	0.0	0.0	0.0	rep1
p56rep1-1153	0.0	0.0	0.0	rep1
p56rep1-1154	0.0	0.0	0.0	rep1
p56rep1-1155	0.0	0.0	0.0	rep1
p56rep1-1156	0.0	0.0	0.0	rep1
p56rep1-1157	0.0	0.0	0.0	rep1
p56rep1-1158	0.0	0.0	0.0	rep1
p56rep1-1159	0.0	0.0	0.0	rep1
p56rep1-1160	0.0	0.0	0.0	rep1
p56rep1-1161	0.0	0.0	0.0	rep1
p56rep1-1162	0.0	0.0	0.0	rep1
p56rep1-1163	0.0	0.0	0.0	rep1
p56rep1-1164	0.0	0.0	0.0	rep1
p56rep1-1165	0.0	0.0	0.0	rep1
p56rep1-1166	0.0	0.0	0.0	rep1
p56rep1-1167	0.0	0.0	0.0	rep1
p56rep1-1168	0.0	0.0	0.0	rep1
p56rep1-1169	0.0	0.0	0.0	rep1
p56rep1-1170	0.0	0.0	0.0	rep1
p56rep1-1171	0.0	0.0	0.0	rep1
p56rep1-1172	0.0	0.0	0.0	rep1
p56rep1-1173	0.0	0.0	0.0	rep1
p56rep1-1174	0.0	0.0	0.0	rep1
p56rep1-1175	0.0	0.0	0.0	rep1
p56rep1-1176	0.0	0.0	0.0	rep1
p56rep1-1177	0.0	0.0	0.0	rep1
p56rep1-1178	0.0	0.0	0.0	rep1
p56rep1-1179	0.0	0.0	0.0	rep1
p56rep1-1180	0.0	0.0	0.0	rep1
p56rep1-1181	0.0	0.0	0.0	rep1
p56rep1-1182	0.0	0.0	0.0	rep1
p56rep1-1183	0.0	0.0	0.0	rep1
p56rep1-1184	0.0	0.0	0.0	rep1
p56rep1-1185	0.0	0.0	0.0	rep1
p56rep1-1186	0.0	0.0	0.0	rep1
p56rep1-1187	0.0	0.0	0.0	rep1
p56rep1-1188	0.0	0.0	0.0	rep1
p56rep1-1189	0.0	0.0	0.0	rep1
p56rep1-1190	0.0	0.0	0.0	rep1
p56rep1-1191	0.0	0.0	0.0	rep1
p56rep1-1192	0.0	0.0	0.0	rep1
p56rep1-1193	0.0	0.0	0.0	rep1
p56rep1-1194	0.0	0.0	0.0	rep1
p56rep1-1195	0.0	0.0	0.0	rep1
p56rep1-1196	0.0	0.0	0.0	rep1
p56rep1-1197	0.0	0.0	0.0	rep1
p56rep1-1198	0.0	0.0	0.0	rep1
p56rep1-1199	0.0	0.0	0.0	rep1
p56rep1-1200	0.0	0.0	0.0	rep1
p56rep1-1201	0.0	0.0	0.0	rep1
p56rep1-1202	0.0	0.0	0.0	rep1
p56rep1-1203	0.0	0.0	0.0	rep1
p56rep1-1204	0.0	0.0	0.0	rep1
p56rep1-1205	0.0	0.0	0.0	rep1
p56rep1-1206	0.0	0.0	0.0	rep1
p56rep1-1207	0.0	0.0	0.0	rep1
p56rep1-1208	0.0	0.0	0.0	rep1
p56rep1-1209	0.0	0.0	0.0	rep1
p56rep1-1210	0.0	0.0	0.0	rep1
p56rep1-1211	0.0	0.0	0.0	rep1
p56rep1-1212	0.0	0.0	0.0	rep1
p56rep1-1213	0.0	0.0	0.0	rep1
p56rep1-1214	0.0	0.0	0.0	rep1
p56rep1-1215	0.0	0.0	0.0	rep1
p56rep1-1216	0.0	0.0	0.0	rep1
p56rep1-1217	0.0	0.0	0.0	rep1
p56rep1-1218	0.0	0.0	0.0	rep1
p56rep1-1219	0.0	0.0	0.0	rep1
p56rep1-1220	0.0	0.0	0.0	rep1
p56rep1-1221	0.0	0.0	0.0	rep1
p56rep1-1222	0.0	0.0	0.0	rep1
p56rep1-1223	0.0	0.0	0.0	rep1
p56rep1-1224	0.0	0.0	0.0	rep1
p56rep1-1225	0.0	0.0	0.0	rep1
p56rep1-1226	0.0	0.0	0.0	rep1
p56rep1-1227	0.0	0.0	0.0	rep1
p56rep1-1228	0.0	0.0	0.0	rep1
p56rep1-1229	0.0	0.0	0.0	rep1
p56rep1-1230	0.0	0.0	0.0	rep1
p56rep1-1231	0.0	0.0	0.0	rep1
p56rep1-1232	0.0	0.0	0.0	rep1
p56rep1-1233	0.0	0.0	0.0	rep1
p56rep1-1234	0.0	0.0	0.0	rep1
p56rep1-1235	0.0	0.0	0.0	rep1
p56rep1-1236	0.0	0.0	0.0	rep1
p56rep1-1237	0.0	0.0	0.0	rep1
p56rep1-1238	0.0	0.0	0.0	rep1
p56rep1-1239	0.0	0.0	0.0	rep1
p56rep1-1240	0.0	0.0	0.0	rep1
p56rep1-1241	0.0	0.0	0.0	rep1
p56rep1-1242	0.0	0.0	0.0	rep1
p56rep1-1243	0.0	0.0	0.0	rep1
p56rep1-1244	0.0	0.0	0.0	rep1
p56rep1-1245	0.0	0.0	0.0	rep1
p56rep1-1246	0.0	0.0	0.0	rep1
p56rep1-1247	0.0	0.0	0.0	rep1
p56rep1-1248	0.0	0.0	0.0	rep1
p56rep1-1249	0.0	0.0	0.0	rep1
p56rep1-1250	0.0	0.0	0.0	rep1
p56rep1-1251	0.0	0.0	0.0	rep1
p56rep1-1252	0.0	0.0	0.0	rep1
p56rep1-1253	0.0	0.0	0.0	rep1
p56rep1-1254	0.0	0.0	0.0	rep1
p56rep1-1255	0.0	0.0	0.0	rep1
p56rep1-1256	0.0	0.0	0.0	rep1
p56rep1-1257	0.0	0.0	0.0	rep1
p56rep1-1258	0.0	0.0	0.0	rep1
p56rep1-1259	0.0	0.0	0.0	rep1
p56rep1-1260	0.0	0.0	0.0	rep1
p56rep1-1261	0.0	0.0	0.0	rep1
p56rep1-1262	0.0	0.0	0.0	rep1
p56rep1-1263	0.0	0.0	0.0	rep1
p56rep1-1264	0.0	0.0	0.0	rep1
p56rep1-1265	0.0	0.0	0.0	rep1
p56rep1-1266	0.0	0.0	0.0	rep1
p56rep1-1267	0.0	0.0	0.0	rep1
p56rep1-1268	0.0	0.0	0.0	rep1
p56rep1-1269	0.0	0.0	0.0	rep1
p56rep1-1270	0.0	0.0	0.0	rep1
p56rep1-1271	0.0	0.0	0.0	rep1
p56rep1-1272	0.0	0.0	0.0	rep1
p56rep1-1273	0.0	0.0	0.0	rep1
p56rep1-1274	0.0	0.0	0.0	rep1
p56rep1-1275	0.0	0.0	0.0	rep1
p56rep1-1276	0.0	0.0	0.0	rep1
p56rep1-1277	0.0	0.0	0.0	rep1
p56rep1-1278	0.0	0.0	0.0	rep1
p56rep1-1279	0.0	0.0	0.0	rep1
p56rep1-1280	0.0	0.0	0.0	rep1
p56rep1-1281	0.0	0.0	0.0	rep1
p56rep1-1282	0.0	0.0	0.0	rep1
p56rep1-1283	0.0	0.0	0.0	rep1
p56rep1-1284	0.0	0.0	0.0	rep1
p56rep1-1285	0.0	0.0	0.0	rep1
p56rep1-1286	0.0	0.0	0.0	rep1
p56rep1-1287	0.0	0.0	0.0	rep1
p56rep1-1288	0.0	0.0	0.0	rep1
p56rep1-1289	0.0	0.0	0.0	rep1
p56rep1-1290	0.0	0.0	0.0	rep1
p56rep1-1291	0.0	0.0	0.0	rep1
p56rep1-1292	0.0	0.0	0.0	rep1
p56rep1-1293	0.0	0.0	0.0	rep1
p56rep1-1294	0.0	0.0	0.0	rep1
p56rep1-1295	0.0	0.0	0.0	rep1
p56rep1-1296	0.0	0.0	0.0	rep1
p56rep1-1297	0.0	0.0	0.0	rep1
p56rep1-1298	0.0	0.0	0.0	rep1
p56rep1-1299	0.0	0.0	0.0	rep1
p56rep1-1300	0.0	0.0	0.0	rep1
p56rep1-1301	0.0	0.0	0.0	rep1
p56rep1-1302	0.0	0.0	0.0	rep1
p56rep1-1303	0.0	0.0	0.0	rep1
p56rep1-1304	0.0	0.0	0.0	rep1
p56rep1-1305	0.0	0.0	0.0	rep1
p56rep1-1306	0.0	0.0	0.0	rep1
p56rep1-1307	0.0	0.0	0.0	rep1
p56rep1-1308	0.0	0.0	0.0	rep1
p56rep1-1309	0.0	0.0	0.0	rep1
p56rep1-1310	0.0	0.0	0.0	rep1
p56rep1-1311	0.0	0.0	0.0	rep1
p56rep1-1312	0.0	0.0	0.0	rep1
p56rep1-1313	0.0	0.0	0.0	rep1
p56rep1-1314	0.0	0.0	0.0	rep1
p56rep1-1315	0.0	0.0	0.0	rep1
p56rep1-1316	0.0	0.0	0.0	rep1
p56rep1-1317	0.0	0.0	0.0	rep1
p56rep1-1318	0.0	0.0	0.0	rep1
p56rep1-1319	0.0	0.0	0.0	rep1
p56rep1-1320	0.0	0.0	0.0	rep1
p56rep1-1321	0.0	0.0	0.0	rep1
p56rep1-1322	0.0	0.0	0.0	rep1
p56rep1-1323	0.0	0.0	0.0	rep1
p56rep1-1324	0.0	0.0	0.0	rep1
p56rep1-1325	0.0	0.0	0.0	rep1
p56rep1-1326	0.0	0.0	0.0	rep1
p56rep1-1327	0.0	0.0	0.0	rep1
p56rep1-1328	0.0	0.0	0.0	rep1
p56rep1-1329	0.0	0.0	0.0	rep1
p56rep1-1330	0.0	0.0	0.0	rep1
p56rep1-1331	0.0	0.0	0.0	rep1
p56rep1-1332	0.0	0.0	0.0	rep1
p56rep1-1333	0.0	0.0	0.0	rep1
p56rep1-1334	0.0	0.0	0.0	rep1
p56rep1-1335	0.0	0.0	0.0	rep1
p56rep1-1336	0.0	0.0	0.0	rep1
p56rep1-1337	0.0	0.0	0.0	rep1
p56rep1-1338	0.0	0.0	0.0	rep1
p56rep1-1339	0.0	0.0	0.0	rep1
p56rep1-1340	0.0	0.0	0.0	rep1
p56rep1-1341	0.0	0.0	0.0	rep1
p56rep1-1342	0.0	0.0	0.0	rep1
p56rep1-1343	0.0	0.0	0.0	rep1
p56rep1-1344	0.0	0.0	0.0	rep1
p56rep1-1345	0.0	0.0	0.0	rep1
p56rep1-1346	0.0	0.0	0.0	rep1
p56rep1-1347	0.0	0.0	0.0	rep1
p56rep1-1348	0.0	0.0	0.0	rep1
p56rep1-1349	0.0	0.0	0.0	rep1
p56rep1-1350	0.0	0.0	0.0	rep1
p56rep1-1351	0.0	0.0	0.0	rep1
p56rep1-1352	0.0	0.0	0.0	rep1
p56rep1-1353	0.0	0.0	0.0	rep1
p56rep1-1354	0.0	0.0	0.0	rep1
p56rep1-1355	0.0	0.0	0.0	rep1
p56rep1-1356	0.0	0.0	0.0	rep1
p56rep1-1357	0.0	0.0	0.0	rep1
p56rep1-1358	0.0	0.0	0.0	rep1
p56rep1-1359	0.0	0.0	0.0	rep1
p56rep1-1360	0.0	0.0	0.0	rep1
p56rep1-1361	0.0	0.0	0.0	rep1
p56rep1-1362	0.0	0.0	0.0	rep1
p56rep1-1363	0.0	0.0	0.0	rep1
p56rep1-1364	0.0	0.0	0.0	rep1
p56rep1-1365	0.0	0.0	0.0	rep1
p56rep1-1366	0.0	0.0	0.0	rep1
p56rep1-1367	0.0	0.0	0.0	rep1
p56rep1-1368	0.0	0.0	0.0	rep1
p56rep1-1369	0.0	0.0	0.0	rep1
p56rep1-1370	0.0	0.0	0.0	rep1
p56rep1-1371	0.0	0.0	0.0	rep1
p56rep1-1372	0.0	0.0	0.0	rep1
p56rep1-1373	0.0	0.0	0.0	rep1
p56rep1-1374	0.0	0.0	0.0	rep1
p56rep1-1375	0.0	0.0	0.0	rep1
p56rep1-1376	0.0	0.0	0.0	rep1
p56rep1-1377	0.0	0.0	0.0	rep1
p56rep1-1378	0.0	0.0	0.0	rep1
p56rep1-1379	0.0	0.0	0.0	rep1
p56rep1-1380	0.0	0.0	0.0	rep1
p56rep1-1381	0.0	0.0	0.0	rep1
p56rep1-1382	0.0	0.0	0.0	rep1
p56rep1-1383	0.0	0.0	0.0	rep1
p56rep1-1384	0.0	0.0	0.0	rep1
p56rep1-1385	0.0	0.0	0.0	rep1
p56rep1-1386	0.0	0.0	0.0	rep1
p56rep1-1387	0.0	0.0	0.0	rep1
p56rep1-1388	0.0	0.0	0.0	rep1
p56rep1-1389	0.0	0.0	0.0	rep1
p56rep1-1390	0.0	0.0	0.0	rep1
p56rep1-1391	0.0	0.0	0.0	rep1
p56rep1-1392	0.0	0.0	0.0	rep1
p56rep1-1393	0.0	0.0	0.0	rep1
p56rep1-1394	0.0	0.0	0.0	rep1
p56rep1-1395	0.0	0.0	0.0	rep1
p56rep1-1396	0.0	0.0	0.0	rep1
p56rep1-1397	0.0	0.0	0.0	rep1
p56rep1-1398	0.0	0.0	0.0	rep1
p56rep1-1399	0.0	0.0	0.0	rep1
p56rep1-1400	0.0	0.0	0.0	rep1
p56rep1-1401	0.0	0.0	0.0	rep1
p56rep1-1402	0.0	0.0	0.0	rep1
p56rep1-1403	0.0	0.0	0.0	rep1
p56rep1-1404	0.0	0.0	0.0	rep1
p56rep1-1405	0.0	0.0	0.0	rep1
p56rep1-1406	0.0	0.0	0.0	rep1
p56rep1-1407	0.0	0.0	0.0	rep1
p56rep1-1408	0.0	0.0	0.0	rep1
p56rep1-1409	0.0	0.0	0.0	rep1
p56rep1-1410	0.0	0.0	0.0	rep1
p56rep1-1411	0.0	0.0	0.0	rep1
p56rep1-1412	0.0	0.0	0.0	rep1
p56rep1-1413	0.0	0.0	0.0	rep1
p56rep1-1414	0.0	0.0	0.0	rep1
p56rep1-1415	0.0	0.0	0.0	rep1
p56rep1-1416	0.0	0.0	0.0	rep1
p56rep1-1417	0.0	0.0	0.0	rep1
p56rep1-1418	0.0	0.0	0.0	rep1
p56rep1-1419	0.0	0.0	0.0	rep1
p56rep1-1420	0.0	0.0	0.0	rep1
p56rep1-1421	0.0	0.0	0.0	rep1
p56rep1-1422	0.0	0.0	0.0	rep1
p56rep1-1423	0.0	0.0	0.0	rep1
p56rep1-1424	0.0	0.0	0.0	rep1
p56rep1-1425	0.0	0.0	0.0	rep1
p56rep1-1426	0.0	0.0	0.0	rep1
p56rep1-1427	0.0	0.0	0.0	rep1
p56rep1-1428	0.0	0.0	0.0	rep1
p56rep1-1429	0.0	0.0	0.0	rep1
p56rep1-1430	0.0	0.0	0.0	rep1
p56rep1-1431	0.0	0.0	0.0	rep1
p56rep1-1432	0.0	0.0	0.0	rep1
p56rep1-1433	0.0	0.0	0.0	rep1
p56rep1-1434	0.0	0.0	0.0	rep1
p56rep1-1435	0.0	0.0	0.0	rep1
p56rep1-1436	0.0	0.0	0.0	rep1
p56rep1-1437	0.0	0.0	0.0	rep1
p56rep1-1438	0.0	0.0	0.0	rep1
p56rep1-1439	0.0	0.0	0.0	rep1
p56rep1-1440	0.0	0.0	0.0	rep1
p56rep1-1441	0.0	0.0	0.0	rep1
p56rep1-1442	0.0	0.0	0.0	rep1
p56rep1-1443	0.0	0.0	0.0	rep1
p56rep1-1444	0.0	0.0	0.0	rep1
p56rep1-1445	0.0	0.0	0.0	rep1
p56rep1-1446	0.0	0.0	0.0	rep1
p56rep1-1447	0.0	0.0	0.0	rep1
p56rep1-1448	0.0	0.0	0.0	rep1
p56rep1-1449	0.0	0.0	0.0	rep1
p56rep1-1450	0.0	0.0	0.0	rep1
p56rep1-1451	0.0	0.0	0.0	rep1
p56rep1-1452	0.0	0.0	0.0	rep1
p56rep1-1453	0.0	0.0	0.0	rep1
p56rep1-1454	0.0	0.0	0.0	rep1
p56rep1-1455	0.0	0.0	0.0	rep1
p56rep1-1456	0.0	0.0	0.0	rep1
p56rep1-1457	0.0	0.0	0.0	rep1
p56rep1-1458	0.0	0.0	0.0	rep1
p56rep1-1459	0.0	0.0	0.0	rep1
p56rep1-1460	0.0	0.0	0.0	rep1
p56rep1-1461	0.0	0.0	0.0	rep1
p56rep1-1462	0.0	0.0	0.0	rep1
p56rep1-1463	0.0	0.0	0.0	rep1
p56rep1-1464	0.0	0.0	0.0	rep1
p56rep1-1465	0.0	0.0	0.0	rep1
p56rep1-1466	0.0	0.0	0.0	rep1
p56rep1-1467	0.0	0.0	0.0	rep1
p56rep1-1468	0.0	0.0	0.0	rep1
p56rep1-1469	0.0	0.0	0.0	rep1
p56rep1-1470	0.0	0.0	0.0	rep1
p56rep1-1471	0.0	0.0	0.0	rep1
p56rep1-1472	0.0	0.0	0.0	rep1
p56rep1-1473	0.0	0.0	0.0	rep1
p56rep1-1474	0.0	0.0	0.0	rep1
p56rep1-1475	0.0	0.0	0.0	rep1
p56rep1-1476	0.0	0.0	0.0	rep1
p56rep1-1477	0.0	0.0	0.0	rep1
p56rep1-1478	0.0	0.0	0.0	rep1
p56rep1-1479	0.0	0.0	0.0	rep1
p56rep1-1480	0.0	0.0	0.0	rep1
p56rep1-1481	0.0	0.0	0.0	rep1
p56rep1-1482	0.0	0.0	0.0	rep1
p56rep1-1483	0.0	0.0	0.0	rep1
p56rep1-1484	0.0	0.0	0.0	rep1
p56rep1-1485	0.0	0.0	0.0	rep1
p56rep1-1486	0.0	0.0	0.0	rep1
p56rep1-1487	0.0	0.0	0.0	rep1
p56rep1-1488	0.0	0.0	0.0	rep1
p56rep1-1489	0.0	0.0	0.0	rep1
p56rep1-1490	0.0	0.0	0.0	rep1
p56rep1-1491	0.0	0.0	0.0	rep1
p56rep1-1492	0.0	0.0	0.0	rep1
p56rep1-1493	0.0	0.0	0.0	rep1
p56rep1-1494	0.0	0.0	0.0	rep1
p56rep1-1495	0.0	0.0	0.0	rep1
p56rep1-1496	0.0	0.0	0.0	rep1
p56rep1-1497	0.0	0.0	0.0	rep1
p56rep1-1498	0.0	0.0	0.0	rep1
p56rep1-1499	0.0	0.0	0.0	rep1
p56rep1-1500	0.0	0.0	0.0	rep1
p56rep1-1501	0.0	0.0	0.0	rep1
p56rep1-1502	0.0	0.0	0.0	rep1
p56rep1-1503	0.0	0.0	0.0	rep1
p56rep1-1504	0.0	0.0	0.0	rep1
p56rep1-1505	0.0	0.0	0.0	rep1
p56rep1-1506	0.0	0.0	0.0	rep1
p56rep1-1507	0.0	0.0	0.0	rep1
p56rep1-1508	0.0	0.0	0.0	rep1
p56rep1-1509	0.0	0.0	0.0	rep1
p56rep1-1510	0.0	0.0	0.0	rep1
p56rep1-1511	0.0	0.0	0.0	rep1
p56rep1-1512	0.0	0.0	0.0	rep1
p56rep1-1513	0.0	0.0	0.0	rep1
p56rep1-1514	0.0	0.0	0.0	rep1
p56rep1-1515	0.0	0.0	0.0	rep1
p56rep1-1516	0.0	0.0	0.0	rep1
p56rep1-1517	0.0	0.0	0.0	rep1
p56rep1-1518	0.0	0.0	0.0	rep1
p56rep1-1519	0.0	0.0	0.0	rep1
p56rep1-1520	0.0	0.0	0.0	rep1
p56rep1-1521	0.0	0.0	0.0	rep1
p56rep1-1522	0.0	0.0	0.0	rep1
p56rep1-1523	0.0	0.0	0.0	rep1
p56rep1-1524	0.0	0.0	0.0	rep1
p56rep1-1525	0.0	0.0	0.0	rep1
p56rep1-1526	0.0	0.0	0.0	rep1
p56rep1-1527	0.0	0.0	0.0	rep1
p56rep1-1528	0.0	0.0	0.0	rep1
p56rep1-1529	0.0	0.0	0.0	rep1
p56rep1-1530	0.0	0.0	0.0	rep1
p56rep1-1531	0.0	0.0	0.0	rep1
p56rep1-1532	0.0	0.0	0.0	rep1
p56rep1-1533	0.0	0.0	0.0	rep1
p56rep1-1534	0.0	0.0	0.0	rep1
p56rep1-1535	0.0	0.0	0.0	rep1
p56rep1-1536	0.0	0.0	0.0	rep1
p56rep1-1537	0.0	0.0	0.0	rep1
p56rep1-1538	0.0	0.0	0.0	rep1
p56rep1-1539	0.0	0.0	0.0	rep1
p56rep1-1540	0.0	0.0	0.0	rep1
p56rep1-1541	0.0	0.0	0.0	rep1
p56rep1-1542	0.0	0.0	0.0	rep1
p56rep1-1543	0.0	0.0	0.0	rep1
p56rep1-1544	0.0	0.0	0.0	rep1
p56rep1-1545	0.0	0.0	0.0	rep1
p56rep1-1546	0.0	0.0	0.0	rep1
p56rep1-1547	0.0	0.0	0.0	rep1
p56rep1-1548	0.0	0.0	0.0	rep1
p56rep1-1549	0.0	0.0	0.0	rep1
p56rep1-1550	0.0	0.0	0.0	rep1
p56rep1-1551	0.0	0.0	0.0	rep1
p56rep1-1552	0.0	0.0	0.0	rep1
p56rep1-1553	0.0	0.0	0.0	rep1
p56rep1-1554	0.0	0.0	0.0	rep1
p56rep1-1555	0.0	0.0	0.0	rep1
p56rep1-1556	0.0	0.0	0.0	rep1
p56rep1-1557	0.0	0.0	0.0	rep1
p56rep1-1558	0.0	0.0	0.0	rep1
p56rep1-1559	0.0	0.0	0.0	rep1
p56rep1-1560	0.0	0.0	0.0	rep1
p56rep1-1561	0.0	0.0	0.0	rep1
p56rep1-1562	0.0	0.0	0.0	rep1
p56rep1-1563	0.0	0.0	0.0	rep1
p56rep1-1564	0.0	0.0	0.0	rep1
p56rep1-1565	0.0	0.0	0.0	rep1
p56rep1-1566	0.0	0.0	0.0	rep1
p56rep1-1567	0.0	0.0	0.0	rep1
p56rep1-1568	0.0	0.0	0.0	rep1
p56rep2-1569	0.0	0.0	0.0	rep2
p56rep2-1570	0.0	0.0	0.0	rep2
p56rep2-1571	0.0	0.0	0.0	rep2
p56rep2-1572	0.0	0.0	0.0	rep2
p56rep2-1573	0.0	0.0	0.0	rep2
p56rep2-1574	0.0	0.0	0.0	rep2
p56rep2-1575	0.0	0.0	0.0	rep2
p56rep2-1576	0.0	0.0	0.0	rep2
p56rep2-1577	0.0	0.0	0.0	rep2
p56rep2-1578	0.0	0.0	0.0	rep2
p56rep2-1579	0.0	0.0	0.0	rep2
p56rep2-1580	0.0	0.0	0.0	rep2
p56rep2-1581	0.0	0.0	0.0	rep2
p56rep2-1582	0.0	0.0	0.0	rep2
p56rep2-1583	0.0	0.0	0.0	rep2
p56rep2-1584	0.0	0.0	0.0	rep2
p56rep2-1585	0.0	0.0	0.0	rep2
p56rep2-1586	0.0	0.0	0.0	rep2
p56rep2-1587	0.0	0.0	0.0	rep2
p56rep2-1588	0.0	0.0	0.0	rep2
p56rep2-1589	0.0	0.0	0.0	rep2
p56rep2-1590	0.0	0.0	0.0	rep2
p56rep2-1591	0.0	0.0	0.0	rep2
p56rep2-1592	0.0	0.0	0.0	rep2
p56rep2-1593	0.0	0.0	0.0	rep2
p56rep2-1594	0.0	0.0	0.0	rep2
p56rep2-1595	0.0	0.0	0.0	rep2
p56rep2-1596	0.0	0.0	0.0	rep2
p56rep2-1597	0.0	0.0	0.0	rep2
p56rep2-1598	0.0	0.0	0.0	rep2
p56rep2-1599	0.0	0.0	0.0	rep2
p56rep2-1600	0.0	0.0	0.0	rep2
p56rep2-1601	0.0	0.0	0.0	rep2
p56rep2-1602	0.0	0.0	0.0	rep2
p56rep2-1603	0.0	0.0	0.0	rep2
p56rep2-1604	0.0	0.0	0.0	rep2
p56rep2-1605	0.0	0.0	0.0	rep2
p56rep2-1606	0.0	0.0	0.0	rep2
p56rep2-1607	0.0	0.0	0.0	rep2
p56rep2-1608	0.0	0.0	0.0	rep2
p56rep2-1609	0.0	0.0	0.0	rep2
p56rep2-1610	0.0	0.0	0.0	rep2
p56rep2-1611	0.0	0.0	0.0	rep2
p56rep2-1612	0.0	0.0	0.0	rep2
p56rep2-1613	0.0	0.0	0.0	rep2
p56rep2-1614	0.0	0.0	0.0	rep2
p56rep2-1615	0.0	0.0	0.0	rep2
p56rep2-1616	0.0	0.0	0.0	rep2
p56rep2-1617	0.0	0.0	0.0	rep2
p56rep2-1618	0.0	0.0	0.0	rep2
p56rep2-1619	0.0	0.0	0.0	rep2
p56rep2-1620	0.0	0.0	0.0	rep2
p56rep2-1621	0.0	0.0	0.0	rep2
p56rep2-1622	0.0	0.0	0.0	rep2
p56rep2-1623	0.0	0.0	0.0	rep2
p56rep2-1624	0.0	0.0	0.0	rep2
p56rep2-1625	0.0	0.0	0.0	rep2
p56rep2-1626	0.0	0.0	0.0	rep2
p56rep2-1627	0.0	0.0	0.0	rep2
p56rep2-1628	0.0	0.0	0.0	rep2
p56rep2-1629	0.0	0.0	0.0	rep2
p56rep2-1630	0.0	0.0	0.0	rep2
p56rep2-1631	0.0	0.0	0.0	rep2
p56rep2-1632	0.0	0.0	0.0	rep2
p56rep2-1633	0.0	0.0	0.0	rep2
p56rep2-1634	0.0	0.0	0.0	rep2
p56rep2-1635	0.0	0.0	0.0	rep2
p56rep2-1636	0.0	0.0	0.0	rep2
p56rep2-1637	0.0	0.0	0.0	rep2
p56rep2-1638	0.0	0.0	0.0	rep2
p56rep2-1639	0.0	0.0	0.0	rep2
p56rep2-1640	0.0	0.0	0.0	rep2
p56rep2-1641	0.0	0.0	0.0	rep2
p56rep2-1642	0.0	0.0	0.0	rep2
p56rep2-1643	0.0	0.0	0.0	rep2
p56rep2-1644	0.0	0.0	0.0	rep2
p56rep2-1645	0.0	0.0	0.0	rep2
p56rep2-1646	0.0	0.0	0.0	rep2
p56rep2-1647	0.0	0.0	0.0	rep2
p56rep2-1648	0.0	0.0	0.0	rep2
p56rep2-1649	0.0	0.0	0.0	rep2
p56rep2-1650	0.0	0.0	0.0	rep2
p56rep2-1651	0.0	0.0	0.0	rep2
p56rep2-1652	0.0	0.0	0.0	rep2
p56rep2-1653	0.0	0.0	0.0	rep2
p56rep2-1654	0.0	0.0	0.0	rep2
p56rep2-1655	0.0	0.0	0.0	rep2
p56rep2-1656	0.0	0.0	0.0	rep2
p56rep2-1657	0.0	0.0	0.0	rep2
p56rep2-1658	0.0	0.0	0.0	rep2
p56rep2-1659	0.0	0.0	0.0	rep2
p56rep2-1660	0.0	0.0	0.0	rep2
p56rep2-1661	0.0	0.0	0.0	rep2
p56rep2-1662	0.0	0.0	0.0	rep2
p56rep2-1663	0.0	0.0	0.0	rep2
p56rep2-1664	0.0	0.0	0.0	rep2
p56rep2-1665	0.0	0.0	0.0	rep2
p56rep2-1666	0.0	0.0	0.0	rep2
p56rep2-1667	0.0	0.0	0.0	rep2
p56rep2-1668	0.0	0.0	0.0	rep2
p56rep2-1669	0.0	0.0	0.0	rep2
p56rep2-1670	0.0	0.0	0.0	rep2
p56rep2-1671	0.0	0.0	0.0	rep2
p56rep2-1672	0.0	0.0	0.0	rep2
p56rep2-1673	0.0	0.0	0.0	rep2
p56rep2-1674	0.0	0.0	0.0	rep2
p56rep2-1675	0.0	0.0	0.0	rep2
p56rep2-1676	0.0	0.0	0.0	rep2
p56rep2-1677	0.0	0.0	0.0	rep2
p56rep2-1678	0.0	0.0	0.0	rep2
p56rep2-1679	0.0	0.0	0.0	rep2
p56rep2-1680	0.0	0.0	0.0	rep2
p56rep2-1681	0.0	0.0	0.0	rep2
p56rep2-1682	0.0	0.0	0.0	rep2
p56rep2-1683	0.0	0.0	0.0	rep2
p56rep2-1684	0.0	0.0	0.0	rep2
p56rep2-1685	0.0	0.0	0.0	rep2
p56rep2-1686	0.0	0.0	0.0	rep2
p56rep2-1687	0.0	0.0	0.0	rep2
p56rep2-1688	0.0	0.0	0.0	rep2
p56rep2-1689	0.0	0.0	0.0	rep2
p56rep2-1690	0.0	0.0	0.0	rep2
p56rep2-1691	0.0	0.0	0.0	rep2
p56rep2-1692	0.0	0.0	0.0	rep2
p56rep2-1693	0.0	0.0	0.0	rep2
p56rep2-1694	0.0	0.0	0.0	rep2
p56rep2-1695	0.0	0.0	0.0	rep2
p56rep2-1696	0.0	0.0	0.0	rep2
p56rep2-1697	0.0	0.0	0.0	rep2
p56rep2-1698	0.0	0.0	0.0	rep2
p56rep2-1699	0.0	0.0	0.0	rep2
p56rep2-1700	0.0	0.0	0.0	rep2
p56rep2-1701	0.0	0.0	0.0	rep2
p56rep2-1702	0.0	0.0	0.0	rep2
p56rep2-1703	0.0	0.0	0.0	rep2
p56rep2-1704	0.0	0.0	0.0	rep2
p56rep2-1705	0.0	0.0	0.0	rep2
p56rep2-1706	0.0	0.0	0.0	rep2
p56rep2-1707	0.0	0.0	0.0	rep2
p56rep2-1708	0.0	0.0	0.0	rep2
p56rep2-1709	0.0	0.0	0.0	rep2
p56rep2-1710	0.0	0.0	0.0	rep2
p56rep2-1711	0.0	0.0	0.0	rep2
p56rep2-1712	0.0	0.0	0.0	rep2
p56rep2-1713	0.0	0.0	0.0	rep2
p56rep2-1714	0.0	0.0	0.0	rep2
p56rep2-1715	0.0	0.0	0.0	rep2
p56rep2-1716	0.0	0.0	0.0	rep2
p56rep2-1717	0.0	0.0	0.0	rep2
p56rep2-1718	0.0	0.0	0.0	rep2
p56rep2-1719	0.0	0.0	0.0	rep2
p56rep2-1720	0.0	0.0	0.0	rep2
p56rep2-1721	0.0	0.0	0.0	rep2
p56rep2-1722	0.0	0.0	0.0	rep2
p56rep2-1723	0.0	0.0	0.0	rep2
p56rep2-1724	0.0	0.0	0.0	rep2
p56rep2-1725	0.0	0.0	0.0	rep2
p56rep2-1726	0.0	0.0	0.0	rep2
p56rep2-1727	0.0	0.0	0.0	rep2
p56rep2-1728	0.0	0.0	0.0	rep2
p56rep2-1729	0.0	0.0	0.0	rep2
p56rep2-1730	0.0	0.0	0.0	rep2
p56rep2-1731	0.0	0.0	0.0	rep2
p56rep2-1732	0.0	0.0	0.0	rep2
p56rep2-1733	0.0	0.0	0.0	rep2
p56rep2-1734	0.0	0.0	0.0	rep2
p56rep2-1735	0.0	0.0	0.0	rep2
p56rep2-1736	0.0	0.0	0.0	rep2
p56rep2-1737	0.0	0.0	0.0	rep2
p56rep2-1738	0.0	0.0	0.0	rep2
p56rep2-1739	0.0	0.0	0.0	rep2
p56rep2-1740	0.0	0.0	0.0	rep2
p56rep2-1741	0.0	0.0	0.0	rep2
p56rep2-1742	0.0	0.0	0.0	rep2
p56rep2-1743	0.0	0.0	0.0	rep2
p56rep2-1744	0.0	0.0	0.0	rep2
p56rep2-1745	0.0	0.0	0.0	rep2
p56rep2-1746	0.0	0.0	0.0	rep2
p56rep2-1747	0.0	0.0	0.0	rep2
p56rep2-1748	0.0	0.0	0.0	rep2
p56rep2-1749	0.0	0.0	0.0	rep2
p56rep2-1750	0.0	0.0	0.0	rep2
p56rep2-1751	0.0	0.0	0.0	rep2
p56rep2-1752	0.0	0.0	0.0	rep2
p56rep2-1753	0.0	0.0	0.0	rep2
p56rep2-1754	0.0	0.0	0.0	rep2
p56rep2-1755	0.0	0.0	0.0	rep2
p56rep2-1756	0.0	0.0	0.0	rep2
p56rep2-1757	0.0	0.0	0.0	rep2
p56rep2-1758	0.0	0.0	0.0	rep2
p56rep2-1759	0.0	0.0	0.0	rep2
p56rep2-1760	0.0	0.0	0.0	rep2
p56rep2-1761	0.0	0.0	0.0	rep2
p56rep2-1762	0.0	0.0	0.0	rep2
p56rep2-1763	0.0	0.0	0.0	rep2
p56rep2-1764	0.0	0.0	0.0	rep2
p56rep2-1765	0.0	0.0	0.0	rep2
p56rep2-1766	0.0	0.0	0.0	rep2
p56rep2-1767	0.0	0.0	0.0	rep2
p56rep2-1768	0.0	0.0	0.0	rep2
p56rep2-1769	0.0	0.0	0.0	rep2
p56rep2-1770	0.0	0.0	0.0	rep2
p56rep2-1771	0.0	0.0	0.0	rep2
p56rep2-1772	0.0	0.0	0.0	rep2
p56rep2-1773	0.0	0.0	0.0	rep2
p56rep2-1774	0.0	0.0	0.0	rep2
p56rep2-1775	0.0	0.0	0.0	rep2
p56rep2-1776	0.0	0.0	0.0	rep2
p56rep2-1777	0.0	0.0	0.0	rep2
p56rep2-1778	0.0	0.0	0.0	rep2
p56rep2-1779	0.0	0.0	0.0	rep2
p56rep2-1780	0.0	0.0	0.0	rep2
p56rep2-1781	0.0	0.0	0.0	rep2
p56rep2-1782	0.0	0.0	0.0	rep2
p56rep2-1783	0.0	0.0	0.0	rep2
p56rep2-1784	0.0	0.0	0.0	rep2
p56rep2-1785	0.0	0.0	0.0	rep2
p56rep2-1786	0.0	0.0	0.0	rep2
p56rep2-1787	0.0	0.0	0.0	rep2
p56rep2-1788	0.0	0.0	0.0	rep2
p56rep2-1789	0.0	0.0	0.0	rep2
p56rep2-1790	0.0	0.0	0.0	rep2
p56rep2-1791	0.0	0.0	0.0	rep2
p56rep2-1792	0.0	0.0	0.0	rep2
p56rep2-1793	0.0	0.0	0.0	rep2
p56rep2-1794	0.0	0.0	0.0	rep2
p56rep2-1795	0.0	0.0	0.0	rep2
p56rep2-1796	0.0	0.0	0.0	rep2
p56rep2-1797	0.0	0.0	0.0	rep2
p56rep2-1798	0.0	0.0	0.0	rep2
p56rep2-1799	0.0	0.0	0.0	rep2
p56rep2-1800	0.0	0.0	0.0	rep2
p56rep2-1801	0.0	0.0	0.0	rep2
p56rep2-1802	0.0	0.0	0.0	rep2
p56rep2-1803	0.0	0.0	0.0	rep2
p56rep2-1804	0.0	0.0	0.0	rep2
p56rep2-1805	0.0	0.0	0.0	rep2
p56rep2-1806	0.0	0.0	0.0	rep2
p56rep2-1807	0.0	0.0	0.0	rep2
p56rep2-1808	0.0	0.0	0.0	rep2
p56rep2-1809	0.0	0.0	0.0	rep2
p56rep2-1810	0.0	0.0	0.0	rep2
p56rep2-1811	0.0	0.0	0.0	rep2
p56rep2-1812	0.0	0.0	0.0	rep2
p56rep2-1813	0.0	0.0	0.0	rep2
p56rep2-1814	0.0	0.0	0.0	rep2
p56rep2-1815	0.0	0.0	0.0	rep2
p56rep2-1816	0.0	0.0	0.0	rep2
p56rep2-1817	0.0	0.0	0.0	rep2
p56rep2-1818	0.0	0.0	0.0	rep2
p56rep2-1819	0.0	0.0	0.0	rep2
p56rep2-1820	0.0	0.0	0.0	rep2
p56rep2-1821	0.0	0.0	0.0	rep2
p56rep2-1822	0.0	0.0	0.0	rep2
p56rep2-1823	0.0	0.0	0.0	rep2
p56rep2-1824	0.0	0.0	0.0	rep2
p56rep2-1825	0.0	0.0	0.0	rep2
p56rep2-1826	0.0	0.0	0.0	rep2
p56rep2-1827	0.0	0.0	0.0	rep2
p56rep2-1828	0.0	0.0	0.0	rep2
p56rep2-1829	0.0	0.0	0.0	rep2
p56rep2-1830	0.0	0.0	0.0	rep2
p56rep2-1831	0.0	0.0	0.0	rep2
p56rep2-1832	0.0	0.0	0.0	rep2
p56rep2-1833	0.0	0.0	0.0	rep2
p56rep2-1834	0.0	0.0	0.0	rep2
p56rep2-1835	0.0	0.0	0.0	rep2
p56rep2-1836	0.0	0.0	0.0	rep2
p56rep2-1837	0.0	0.0	0.0	rep2
p56rep2-1838	0.0	0.0	0.0	rep2
p56rep2-1839	0.0	0.0	0.0	rep2
p56rep2-1840	0.0	0.0	0.0	rep2
p56rep2-1841	0.0	0.0	0.0	rep2
p56rep2-1842	0.0	0.0	0.0	rep2
p56rep2-1843	0.0	0.0	0.0	rep2
p56rep2-1844	0.0	0.0	0.0	rep2
p56rep2-1845	0.0	0.0	0.0	rep2
p56rep2-1846	0.0	0.0	0.0	rep2
p56rep2-1847	0.0	0.0	0.0	rep2
p56rep2-1848	0.0	0.0	0.0	rep2
p56rep2-1849	0.0	0.0	0.0	rep2
p56rep2-1850	0.0	0.0	0.0	rep2
p56rep2-1851	0.0	0.0	0.0	rep2
p56rep2-1852	0.0	0.0	0.0	rep2
p56rep2-1853	0.0	0.0	0.0	rep2
p56rep2-1854	0.0	0.0	0.0	rep2
p56rep2-1855	0.0	0.0	0.0	rep2
p56rep2-1856	0.0	0.0	0.0	rep2
p56rep2-1857	0.0	0.0	0.0	rep2
p56rep2-1858	0.0	0.0	0.0	rep2
p56rep2-1859	0.0	0.0	0.0	rep2
p56rep2-1860	0.0	0.0	0.0	rep2
p56rep2-1861	0.0	0.0	0.0	rep2
p56rep2-1862	0.0	0.0	0.0	rep2
p56rep2-1863	0.0	0.0	0.0	rep2
p56rep2-1864	0.0	0.0	0.0	rep2
p56rep2-1865	0.0	0.0	0.0	rep2
p56rep2-1866	0.0	0.0	0.0	rep2
p56rep2-1867	0.0	0.0	0.0	rep2
p56rep2-1868	0.0	0.0	0.0	rep2
p56rep2-1869	0.0	0.0	0.0	rep2
p56rep2-1870	0.0	0.0	0.0	rep2
p56rep2-1871	0.0	0.0	0.0	rep2
p56rep2-1872	0.0	0.0	0.0	rep2
p56rep2-1873	0.0	0.0	0.0	rep2
p56rep2-1874	0.0	0.0	0.0	rep2
p56rep2-1875	0.0	0.0	0.0	rep2
p56rep2-1876	0.0	0.0	0.0	rep2
p56rep2-1877	0.0	0.0	0.0	rep2
p56rep2-1878	0.0	0.0	0.0	rep2
p56rep2-1879	0.0	0.0	0.0	rep2
p56rep2-1880	0.0	0.0	0.0	rep2
p56rep2-1881	0.0	0.0	0.0	rep2
p56rep2-1882	0.0	0.0	0.0	rep2
p56rep2-1883	0.0	0.0	0.0	rep2
p56rep2-1884	0.0	0.0	0.0	rep2
p56rep2-1885	0.0	0.0	0.0	rep2
p56rep2-1886	0.0	0.0	0.0	rep2
p56rep2-1887	0.0	0.0	0.0	rep2
p56rep2-1888	0.0	0.0	0.0	rep2
p56rep2-1889	0.0	0.0	0.0	rep2
p56rep2-1890	0.0	0.0	0.0	rep2
p56rep2-1891	0.0	0.0	0.0	rep2
p56rep2-1892	0.0	0.0	0.0	rep2
p56rep2-1893	0.0	0.0	0.0	rep2
p56rep2-1894	0.0	0.0	0.0	rep2
p56rep2-1895	0.0	0.0	0.0	rep2
p56rep2-1896	0.0	0.0	0.0	rep2
p56rep2-1897	0.0	0.0	0.0	rep2
p56rep2-1898	0.0	0.0	0.0	rep2
p56rep2-1899	0.0	0.0	0.0	rep2
p56rep2-1900	0.0	0.0	0.0	rep2
p56rep2-1901	0.0	0.0	0.0	rep2
p56rep2-1902	0.0	0.0	0.0	rep2
p56rep2-1903	0.0	0.0	0.0	rep2
p56rep2-1904	0.0	0.0	0.0	rep2
p56rep2-1905	0.0	0.0	0.0	rep2
p56rep2-1906	0.0	0.0	0.0	rep2
p56rep2-1907	0.0	0.0	0.0	rep2
p56rep2-1908	0.0	0.0	0.0	rep2
p56rep2-1909	0.0	0.0	0.0	rep2
p56rep2-1910	0.0	0.0	0.0	rep2
p56rep2-1911	0.0	0.0	0.0	rep2
p56rep2-1912	0.0	0.0	0.0	rep2
p56rep2-1913	0.0	0.0	0.0	rep2
p56rep2-1914	0.0	0.0	0.0	rep2
p56rep2-1915	0.0	0.0	0.0	rep2
p56rep2-1916	0.0	0.0	0.0	rep2
p56rep2-1917	0.0	0.0	0.0	rep2
p56rep2-1918	0.0	0.0	0.0	rep2
p56rep2-1919	0.0	0.0	0.0	rep2
p56rep2-1920	0.0	0.0	0.0	rep2
p56rep2-1921	0.0	0.0	0.0	rep2
p56rep2-1922	0.0	0.0	0.0	rep2
p56rep2-1923	0.0	0.0	0.0	rep2
p56rep2-1924	0.0	0.0	0.0	rep2
p56rep2-1925	0.0	0.0	0.0	rep2
p56rep2-1926	0.0	0.0	0.0	rep2
p56rep2-1927	0.0	0.0	0.0	rep2
p56rep2-1928	0.0	0.0	0.0	rep2
p56rep2-1929	0.0	0.0	0.0	rep2
p56rep2-1930	0.0	0.0	0.0	rep2
p56rep2-1931	0.0	0.0	0.0	rep2
p56rep2-1932	0.0	0.0	0.0	rep2
p56rep2-1933	0.0	0.0	0.0	rep2
p56rep2-1934	0.0	0.0	0.0	rep2
p56rep2-1935	0.0	0.0	0.0	rep2
p56rep2-1936	0.0	0.0	0.0	rep2
p56rep2-1937	0.0	0.0	0.0	rep2
p56rep2-1938	0.0	0.0	0.0	rep2
p56rep2-1939	0.0	0.0	0.0	rep2
p56rep2-1940	0.0	0.0	0.0	rep2
p56rep2-1941	0.0	0.0	0.0	rep2
p56rep2-1942	0.0	0.0	0.0	rep2
p56rep2-1943	0.0	0.0	0.0	rep2
p56rep2-1944	0.0	0.0	0.0	rep2
p56rep2-1945	0.0	0.0	0.0	rep2
p56rep2-1946	0.0	0.0	0.0	rep2
p56rep2-1947	0.0	0.0	0.0	rep2
p56rep2-1948	0.0	0.0	0.0	rep2
p56rep2-1949	0.0	0.0	0.0	rep2
p56rep2-1950	0.0	0.0	0.0	rep2
p56rep2-1951	0.0	0.0	0.0	rep2
p56rep2-1952	0.0	0.0	0.0	rep2
p56rep2-1953	0.0	0.0	0.0	rep2
p56rep2-1954	0.0	0.0	0.0	rep2
p56rep2-1955	0.0	0.0	0.0	rep2
p56rep2-1956	0.0	0.0	0.0	rep2
p56rep2-1957	0.0	0.0	0.0	rep2
p56rep2-1958	0.0	0.0	0.0	rep2
p56rep2-1959	0.0	0.0	0.0	rep2
p56rep2-1960	0.0	0.0	0.0	rep2
p56rep2-1961	0.0	0.0	0.0	rep2
p56rep2-1962	0.0	0.0	0.0	rep2
p56rep2-1963	0.0	0.0	0.0	rep2
p56rep2-1964	0.0	0.0	0.0	rep2
p56rep2-1965	0.0	0.0	0.0	rep2
p56rep2-1966	0.0	0.0	0.0	rep2
p56rep2-1967	0.0	0.0	0.0	rep2
p56rep2-1968	0.0	0.0	0.0	rep2
p56rep2-1969	0.0	0.0	0.0	rep2
p56rep2-1970	0.0	0.0	0.0	rep2
p56rep2-1971	0.0	0.0	0.0	rep2
p56rep2-1972	0.0	0.0	0.0	rep2
p56rep2-1973	0.0	0.0	0.0	rep2
p56rep2-1974	0.0	0.0	0.0	rep2
p56rep2-1975	0.0	0.0	0.0	rep2
p56rep2-1976	0.0	0.0	0.0	rep2
p56rep2-1977	0.0	0.0	0.0	rep2
p56rep2-1978	0.0	0.0	0.0	rep2
p56rep2-1979	0.0	0.0	0.0	rep2
p56rep2-1980	0.0	0.0	0.0	rep2
p56rep2-1981	0.0	0.0	0.0	rep2
p56rep2-1982	0.0	0.0	0.0	rep2
p56rep2-1983	0.0	0.0	0.0	rep2
p56rep2-1984	0.0	0.0	0.0	rep2
p56rep2-1985	0.0	0.0	0.0	rep2
p56rep2-1986	0.0	0.0	0.0	rep2
p56rep2-1987	0.0	0.0	0.0	rep2
p56rep2-1988	0.0	0.0	0.0	rep2
p56rep2-1989	0.0	0.0	0.0	rep2
p56rep2-1990	0.0	0.0	0.0	rep2
p56rep2-1991	0.0	0.0	0.0	rep2
p56rep2-1992	0.0	0.0	0.0	rep2
p56rep2-1993	0.0	0.0	0.0	rep2
p56rep2-1994	0.0	0.0	0.0	rep2
p56rep2-1995	0.0	0.0	0.0	rep2
p56rep2-1996	0.0	0.0	0.0	rep2
p56rep2-1997	0.0	0.0	0.0	rep2
p56rep2-1998	0.0	0.0	0.0	rep2
p56rep2-1999	0.0	0.0	0.0	rep2
p56rep2-2000	0.0	0.0	0.0	rep2
p56rep2-2001	0.0	0.0	0.0	rep2
p56rep2-2002	0.0	0.0	0.0	rep2
p56rep2-2003	0.0	0.0	0.0	rep2
p56rep2-2004	0.0	0.0	0.0	rep2
p56rep2-2005	0.0	0.0	0.0	rep2
p56rep2-2006	0.0	0.0	0.0	rep2
p56rep2-2007	0.0	0.0	0.0	rep2
p56rep2-2008	0.0	0.0	0.0	rep2
p56rep2-2009	0.0	0.0	0.0	rep2
p56rep2-2010	0.0	0.0	0.0	rep2
p56rep2-2011	0.0	0.0	0.0	rep2
p56rep2-2012	0.0	0.0	0.0	rep2
p56rep2-2013	0.0	0.0	0.0	rep2
p56rep2-2014	0.0	0.0	0.0	rep2
p56rep2-2015	0.0	0.0	0.0	rep2
p56rep2-2016	0.0	0.0	0.0	rep2
p56rep2-2017	0.0	0.0	0.0	rep2
p56rep2-2018	0.0	0.0	0.0	rep2
p56rep2-2019	0.0	0.0	0.0	rep2
p56rep2-2020	0.0	0.0	0.0	rep2
p56rep2-2021	0.0	0.0	0.0	rep2
p56rep2-2022	0.0	0.0	0.0	rep2
p56rep2-2023	0.0	0.0	0.0	rep2
p56rep2-2024	0.0	0.0	0.0	rep2
p56rep2-2025	0.0	0.0	0.0	rep2
p56rep2-2026	0.0	0.0	0.0	rep2
p56rep2-2027	0.0	0.0	0.0	rep2
p56rep2-2028	0.0	0.0	0.0	rep2
p56rep2-2029	0.0	0.0	0.0	rep2
p56rep2-2030	0.0	0.0	0.0	rep2
p56rep2-2031	0.0	0.0	0.0	rep2
p56rep2-2032	0.0	0.0	0.0	rep2
p56rep2-2033	0.0	0.0	0.0	rep2
p56rep2-2034	0.0	0.0	0.0	rep2
p56rep2-2035	0.0	0.0	0.0	rep2
p56rep2-2036	0.0	0.0	0.0	rep2
p56rep2-2037	0.0	0.0	0.0	rep2
p56rep2-2038	0.0	0.0	0.0	rep2
p56rep2-2039	0.0	0.0	0.0	rep2
p56rep2-2040	0.0	0.0	0.0	rep2
p56rep2-2041	0.0	0.0	0.0	rep2
p56rep2-2042	0.0	0.0	0.0	rep2
p56rep2-2043	0.0	0.0	0.0	rep2
p56rep2-2044	0.0	0.0	0.0	rep2
p56rep2-2045	0.0	0.0	0.0	rep2
p56rep2-2046	0.0	0.0	0.0	rep2
p56rep2-2047	0.0	0.0	0.0	rep2
p56rep2-2048	0.0	0.0	0.0	rep2
p56rep2-2049	0.0	0.0	0.0	rep2
p56rep2-2050	0.0	0.0	0.0	rep2
p56rep2-2051	0.0	0.0	0.0	rep2
p56rep2-2052	0.0	0.0	0.0	rep2
p56rep2-2053	0.0	0.0	0.0	rep2
p56rep2-2054	0.0	0.0	0.0	rep2
p56rep2-2055	0.0	0.0	0.0	rep2
p56rep2-2056	0.0	0.0	0.0	rep2
p56rep2-2057	0.0	0.0	0.0	rep2
p56rep2-2058	0.0	0.0	0.0	rep2
p56rep2-2059	0.0	0.0	0.0	rep2
p56rep2-2060	0.0	0.0	0.0	rep2
p56rep2-2061	0.0	0.0	0.0	rep2
p56rep2-2062	0.0	0.0	0.0	rep2
p56rep2-2063	0.0	0.0	0.0	rep2
p56rep2-2064	0.0	0.0	0.0	rep2
p56rep2-2065	0.0	0.0	0.0	rep2
p56rep2-2066	0.0	0.0	0.0	rep2
p56rep2-2067	0.0	0.0	0.0	rep2
p56rep2-2068	0.0	0.0	0.0	rep2
p56rep2-2069	0.0	0.0	0.0	rep2
p56rep2-2070	0.0	0.0	0.0	rep2
p56rep2-2071	0.0	0.0	0.0	rep2
p56rep2-2072	0.0	0.0	0.0	rep2
p56rep2-2073	0.0	0.0	0.0	rep2
p56rep2-2074	0.0	0.0	0.0	rep2
p56rep2-2075	0.0	0.0	0.0	rep2
p56rep2-2076	0.0	0.0	0.0	rep2
p56rep2-2077	0.0	0.0	0.0	rep2
p56rep2-2078	0.0	0.0	0.0	rep2
p56rep2-2079	0.0	0.0	0.0	rep2
p56rep2-2080	0.0	0.0	0.0	rep2
p56rep2-2081	0.0	0.0	0.0	rep2
p56rep2-2082	0.0	0.0	0.0	rep2
p56rep2-2083	0.0	0.0	0.0	rep2
p56rep2-2084	0.0	0.0	0.0	rep2
p56rep2-2085	0.0	0.0	0.0	rep2
p56rep2-2086	0.0	0.0	0.0	rep2
p56rep2-2087	0.0	0.0	0.0	rep2
p56rep2-2088	0.0	0.0	0.0	rep2
p56rep2-2089	0.0	0.0	0.0	rep2
p56rep2-2090	0.0	0.0	0.0	rep2
p56rep2-2091	0.0	0.0	0.0	rep2
p56rep2-2092	0.0	0.0	0.0	rep2
p56rep2-2093	0.0	0.0	0.0	rep2
p56rep2-2094	0.0	0.0	0.0	rep2
p56rep2-2095	0.0	0.0	0.0	rep2
p56rep2-2096	0.0	0.0	0.0	rep2
p56rep2-2097	0.0	0.0	0.0	rep2
p56rep2-2098	0.0	0.0	0.0	rep2
p56rep2-2099	0.0	0.0	0.0	rep2
p56rep2-2100	0.0	0.0	0.0	rep2
p56rep2-2101	0.0	0.0	0.0	rep2
p56rep2-2102	0.0	0.0	0.0	rep2
p56rep2-2103	0.0	0.0	0.0	rep2
p56rep2-2104	0.0	0.0	0.0	rep2
p56rep2-2105	0.0	0.0	0.0	rep2
p56rep2-2106	0.0	0.0	0.0	rep2
p56rep2-2107	0.0	0.0	0.0	rep2
p56rep2-2108	0.0	0.0	0.0	rep2
p56rep2-2109	0.0	0.0	0.0	rep2
p56rep2-2110	0.0	0.0	0.0	rep2
p56rep2-2111	0.0	0.0	0.0	rep2
p56rep2-2112	0.0	0.0	0.0	rep2
p56rep2-2113	0.0	0.0	0.0	rep2
p56rep2-2114	0.0	0.0	0.0	rep2
p56rep2-2115	0.0	0.0	0.0	rep2
p56rep2-2116	0.0	0.0	0.0	rep2
p56rep2-2117	0.0	0.0	0.0	rep2
p56rep2-2118	0.0	0.0	0.0	rep2
p56rep2-2119	0.0	0.0	0.0	rep2
p56rep2-2120	0.0	0.0	0.0	rep2
p56rep2-2121	0.0	0.0	0.0	rep2
p56rep2-2122	0.0	0.0	0.0	rep2
p56rep2-2123	0.0	0.0	0.0	rep2
p56rep2-2124	0.0	0.0	0.0	rep2
p56rep2-2125	0.0	0.0	0.0	rep2
p56rep2-2126	0.0	0.0	0.0	rep2
p56rep2-2127	0.0	0.0	0.0	rep2
p56rep2-2128	0.0	0.0	0.0	rep2
p56rep2-2129	0.0	0.0	0.0	rep2
p56rep2-2130	0.0	0.0	0.0	rep2
p56rep2-2131	0.0	0.0	0.0	rep2
p56rep2-2132	0.0	0.0	0.0	rep2
p56rep2-2133	0.0	0.0	0.0	rep2
p56rep2-2134	0.0	0.0	0.0	rep2
p56rep2-2135	0.0	0.0	0.0	rep2
p56rep2-2136	0.0	0.0	0.0	rep2
p56rep2-2137	0.0	0.0	0.0	rep2
p56rep2-2138	0.0	0.0	0.0	rep2
p56rep2-2139	0.0	0.0	0.0	rep2
p56rep2-2140	0.0	0.0	0.0	rep2
p56rep2-2141	0.0	0.0	0.0	rep2
p56rep2-2142	0.0	0.0	0.0	rep2
p56rep2-2143	0.0	0.0	0.0	rep2
p56rep2-2144	0.0	0.0	0.0	rep2
p56rep2-2145	0.0	0.0	0.0	rep2
p56rep2-2146	0.0	0.0	0.0	rep2
p56rep2-2147	0.0	0.0	0.0	rep2
p56rep2-2148	0.0	0.0	0.0	rep2
p56rep2-2149	0.0	0.0	0.0	rep2
p56rep2-2150	0.0	0.0	0.0	rep2
p56rep2-2151	0.0	0.0	0.0	rep2
p56rep2-2152	0.0	0.0	0.0	rep2
p56rep2-2153	0.0	0.0	0.0	rep2
p56rep2-2154	0.0	0.0	0.0	rep2
p56rep2-2155	0.0	0.0	0.0	rep2
p56rep2-2156	0.0	0.0	0.0	rep2
p56rep2-2157	0.0	0.0	0.0	rep2
p56rep2-2158	0.0	0.0	0.0	rep2
p56rep2-2159	0.0	0.0	0.0	rep2
p56rep2-2160	0.0	0.0	0.0	rep2
p56rep2-2161	0.0	0.0	0.0	rep2
p56rep2-2162	0.0	0.0	0.0	rep2
p56rep2-2163	0.0	0.0	0.0	rep2
p56rep2-2164	0.0	0.0	0.0	rep2
p56rep2-2165	0.0	0.0	0.0	rep2
p56rep2-2166	0.0	0.0	0.0	rep2
p56rep2-2167	0.0	0.0	0.0	rep2
p56rep2-2168	0.0	0.0	0.0	rep2
p56rep2-2169	0.0	0.0	0.0	rep2
p56rep2-2170	0.0	0.0	0.0	rep2
p56rep2-2171	0.0	0.0	0.0	rep2
p56rep2-2172	0.0	0.0	0.0	rep2
p56rep2-2173	0.0	0.0	0.0	rep2
p56rep2-2174	0.0	0.0	0.0	rep2
p56rep2-2175	0.0	0.0	0.0	rep2
p56rep2-2176	0.0	0.0	0.0	rep2
p56rep2-2177	0.0	0.0	0.0	rep2
p56rep2-2178	0.0	0.0	0.0	rep2
p56rep2-2179	0.0	0.0	0.0	rep2
p56rep2-2180	0.0	0.0	0.0	rep2
p56rep2-2181	0.0	0.0	0.0	rep2
p56rep2-2182	0.0	0.0	0.0	rep2
p56rep2-2183	0.0	0.0	0.0	rep2
p56rep2-2184	0.0	0.0	0.0	rep2
p56rep2-2185	0.0	0.0	0.0	rep2
p56rep2-2186	0.0	0.0	0.0	rep2
p56rep2-2187	0.0	0.0	0.0	rep2
p56rep2-2188	0.0	0.0	0.0	rep2
p56rep2-2189	0.0	0.0	0.0	rep2
p56rep2-2190	0.0	0.0	0.0	rep2
p56rep2-2191	0.0	0.0	0.0	rep2
p56rep2-2192	0.0	0.0	0.0	rep2
p56rep2-2193	0.0	0.0	0.0	rep2
p56rep2-2194	0.0	0.0	0.0	rep2
p56rep2-2195	0.0	0.0	0.0	rep2
p56rep2-2196	0.0	0.0	0.0	rep2
p56rep2-2197	0.0	0.0	0.0	rep2
p56rep2-2198	0.0	0.0	0.0	rep2
p56rep2-2199	0.0	0.0	0.0	rep2
p56rep2-2200	0.0	0.0	0.0	rep2
p56rep2-2201	0.0	0.0	0.0	rep2
p56rep2-2202	0.0	0.0	0.0	rep2
p56rep2-2203	0.0	0.0	0.0	rep2
p56rep2-2204	0.0	0.0	0.0	rep2
p56rep2-2205	0.0	0.0	0.0	rep2
p56rep2-2206	0.0	0.0	0.0	rep2
p56rep2-2207	0.0	0.0	0.0	rep2
p56rep2-2208	0.0	0.0	0.0	rep2
p56rep2-2209	0.0	0.0	0.0	rep2
p56rep2-2210	0.0	0.0	0.0	rep2
p56rep2-2211	0.0	0.0	0.0	rep2
p56rep2-2212	0.0	0.0	0.0	rep2
p56rep2-2213	0.0	0.0	0.0	rep2
p56rep2-2214	0.0	0.0	0.0	rep2
p56rep2-2215	0.0	0.0	0.0	rep2
p56rep2-2216	0.0	0.0	0.0	rep2
p56rep2-2217	0.0	0.0	0.0	rep2
p56rep2-2218	0.0	0.0	0.0	rep2
p56rep2-2219	0.0	0.0	0.0	rep2
p56rep2-2220	0.0	0.0	0.0	rep2
p56rep2-2221	0.0	0.0	0.0	rep2
p56rep2-2222	0.0	0.0	0.0	rep2
p56rep2-2223	0.0	0.0	0.0	rep2
p56rep2-2224	0.0	0.0	0.0	rep2
p56rep2-2225	0.0	0.0	0.0	rep2
p56rep2-2226	0.0	0.0	0.0	rep2
p56rep2-2227	0.0	0.0	0.0	rep2
p56rep2-2228	0.0	0.0	0.0	rep2
p56rep2-2229	0.0	0.0	0.0	rep2
p56rep2-2230	0.0	0.0	0.0	rep2
p56rep2-2231	0.0	0.0	0.0	rep2
p56rep2-2232	0.0	0.0	0.0	rep2
p56rep2-2233	0.0	0.0	0.0	rep2
p56rep2-2234	0.0	0.0	0.0	rep2
p56rep2-2235	0.0	0.0	0.0	rep2
p56rep2-2236	0.0	0.0	0.0	rep2
p56rep2-2237	0.0	0.0	0.0	rep2
p56rep2-2238	0.0	0.0	0.0	rep2
p56rep2-2239	0.0	0.0	0.0	rep2
p56rep2-2240	0.0	0.0	0.0	rep2
p56rep2-2241	0.0	0.0	0.0	rep2
p56rep2-2242	0.0	0.0	0.0	rep2
p56rep2-2243	0.0	0.0	0.0	rep2
p56rep2-2244	0.0	0.0	0.0	rep2
p56rep2-2245	0.0	0.0	0.0	rep2
p56rep2-2246	0.0	0.0	0.0	rep2
p56rep2-2247	0.0	0.0	0.0	rep2
p56rep2-2248	0.0	0.0	0.0	rep2
p56rep2-2249	0.0	0.0	0.0	rep2
p56rep2-2250	0.0	0.0	0.0	rep2
p56rep2-2251	0.0	0.0	0.0	rep2
p56rep2-2252	0.0	0.0	0.0	rep2
p56rep2-2253	0.0	0.0	0.0	rep2
p56rep2-2254	0.0	0.0	0.0	rep2
p56rep2-2255	0.0	0.0	0.0	rep2
p56rep2-2256	0.0	0.0	0.0	rep2
p56rep2-2257	0.0	0.0	0.0	rep2
p56rep2-2258	0.0	0.0	0.0	rep2
p56rep2-2259	0.0	0.0	0.0	rep2
p56rep2-2260	0.0	0.0	0.0	rep2
p56rep2-2261	0.0	0.0	0.0	rep2
p56rep2-2262	0.0	0.0	0.0	rep2
p56rep2-2263	0.0	0.0	0.0	rep2
p56rep2-2264	0.0	0.0	0.0	rep2
p56rep2-2265	0.0	0.0	0.0	rep2
p56rep2-2266	0.0	0.0	0.0	rep2
p56rep2-2267	0.0	0.0	0.0	rep2
p56rep2-2268	0.0	0.0	0.0	rep2
p56rep2-2269	0.0	0.0	0.0	rep2
p56rep2-2270	0.0	0.0	0.0	rep2
p56rep2-2271	0.0	0.0	0.0	rep2
p56rep2-2272	0.0	0.0	0.0	rep2
p56rep2-2273	0.0	0.0	0.0	rep2
p56rep2-2274	0.0	0.0	0.0	rep2
p56rep2-2275	0.0	0.0	0.0	rep2
p56rep2-2276	0.0	0.0	0.0	rep2
p56rep2-2277	0.0	0.0	0.0	rep2
p56rep2-2278	0.0	0.0	0.0	rep2
p56rep2-2279	0.0	0.0	0.0	rep2
p56rep2-2280	0.0	0.0	0.0	rep2
p56rep2-2281	0.0	0.0	0.0	rep2
p56rep2-2282	0.0	0.0	0.0	rep2
p56rep2-2283	0.0	0.0	0.0	rep2
p56rep2-2284	0.0	0.0	0.0	rep2
p56rep2-2285	0.0	0.0	0.0	rep2
p56rep2-2286	0.0	0.0	0.0	rep2
p56rep2-2287	0.0	0.0	0.0	rep2
p56rep2-2288	0.0	0.0	0.0	rep2
p56rep2-2289	0.0	0.0	0.0	rep2
p56rep2-2290	0.0	0.0	0.0	rep2
p56rep2-2291	0.0	0.0	0.0	rep2
p56rep2-2292	0.0	0.0	0.0	rep2
p56rep2-2293	0.0	0.0	0.0	rep2
p56rep2-2294	0.0	0.0	0.0	rep2
p56rep2-2295	0.0	0.0	0.0	rep2
p56rep2-2296	0.0	0.0	0.0	rep2
p56rep2-2297	0.0	0.0	0.0	rep2
p56rep2-2298	0.0	0.0	0.0	rep2
p56rep2-2299	0.0	0.0	0.0	rep2
p56rep2-2300	0.0	0.0	0.0	rep2
p56rep2-2301	0.0	0.0	0.0	rep2
p56rep2-2302	0.0	0.0	0.0	rep2
p56rep2-2303	0.0	0.0	0.0	rep2
p56rep2-2304	0.0	0.0	0.0	rep2
p56rep2-2305	0.0	0.0	0.0	rep2
p56rep2-2306	0.0	0.0	0.0	rep2
p56rep2-2307	0.0	0.0	0.0	rep2
p56rep2-2308	0.0	0.0	0.0	rep2
p56rep2-2309	0.0	0.0	0.0	rep2
p56rep2-2310	0.0	0.0	0.0	rep2
p56rep2-2311	0.0	0.0	0.0	rep2
p56rep2-2312	0.0	0.0	0.0	rep2
p56rep2-2313	0.0	0.0	0.0	rep2
p56rep2-2314	0.0	0.0	0.0	rep2
p56rep2-2315	0.0	0.0	0.0	rep2
p56rep2-2316	0.0	0.0	0.0	rep2
p56rep2-2317	0.0	0.0	0.0	rep2
p56rep2-2318	0.0	0.0	0.0	rep2
p56rep2-2319	0.0	0.0	0.0	rep2
p56rep2-2320	0.0	0.0	0.0	rep2
p56rep2-2321	0.0	0.0	0.0	rep2
p56rep2-2322	0.0	0.0	0.0	rep2
p56rep2-2323	0.0	0.0	0.0	rep2
p56rep2-2324	0.0	0.0	0.0	rep2
p56rep2-2325	0.0	0.0	0.0	rep2
p56rep2-2326	0.0	0.0	0.0	rep2
p56rep2-2327	0.0	0.0	0.0	rep2
p56rep2-2328	0.0	0.0	0.0	rep2
p56rep2-2329	0.0	0.0	0.0	rep2
p56rep2-2330	0.0	0.0	0.0	rep2
p56rep2-2331	0.0	0.0	0.0	rep2
p56rep2-2332	0.0	0.0	0.0	rep2
p56rep2-2333	0.0	0.0	0.0	rep2
p56rep2-2334	0.0	0.0	0.0	rep2
p56rep2-2335	0.0	0.0	0.0	rep2
p56rep2-2336	0.0	0.0	0.0	rep2
p56rep2-2337	0.0	0.0	0.0	rep2
p56rep2-2338	0.0	0.0	0.0	rep2
p56rep2-2339	0.0	0.0	0.0	rep2
p56rep2-2340	0.0	0.0	0.0	rep2
p56rep2-2341	0.0	0.0	0.0	rep2
p56rep2-2342	0.0	0.0	0.0	rep2
p56rep2-2343	0.0	0.0	0.0	rep2
p56rep2-2344	0.0	0.0	0.0	rep2
p56rep2-2345	0.0	0.0	0.0	rep2
p56rep2-2346	0.0	0.0	0.0	rep2
p56rep2-2347	0.0	0.0	0.0	rep2
p56rep2-2348	0.0	0.0	0.0	rep2
p56rep2-2349	0.0	0.0	0.0	rep2
p56rep2-2350	0.0	0.0	0.0	rep2
p56rep2-2351	0.0	0.0	0.0	rep2
p56rep2-2352	0.0	0.0	0.0	rep2
p56rep2-2353	0.0	0.0	0.0	rep2
p56rep2-2354	0.0	0.0	0.0	rep2
p56rep2-2355	0.0	0.0	0.0	rep2
p56rep2-2356	0.0	0.0	0.0	rep2
p56rep2-2357	0.0	0.0	0.0	rep2
p56rep2-2358	0.0	0.0	0.0	rep2
p56rep2-2359	0.0	0.0	0.0	rep2
p56rep2-2360	0.0	0.0	0.0	rep2
p56rep2-2361	0.0	0.0	0.0	rep2
p56rep2-2362	0.0	0.0	0.0	rep2
p56rep2-2363	0.0	0.0	0.0	rep2
p56rep2-2364	0.0	0.0	0.0	rep2
p56rep2-2365	0.0	0.0	0.0	rep2
p56rep2-2366	0.0	0.0	0.0	rep2
p56rep2-2367	0.0	0.0	0.0	rep2
p56rep2-2368	0.0	0.0	0.0	rep2
p56rep2-2369	0.0	0.0	0.0	rep2
p56rep2-2370	0.0	0.0	0.0	rep2
p56rep2-2371	0.0	0.0	0.0	rep2
p56rep2-2372	0.0	0.0	0.0	rep2
p56rep2-2373	0.0	0.0	0.0	rep2
p56rep2-2374	0.0	0.0	0.0	rep2
p56rep2-2375	0.0	0.0	0.0	rep2
p56rep2-2376	0.0	0.0	0.0	rep2
p56rep2-2377	0.0	0.0	0.0	rep2
p56rep2-2378	0.0	0.0	0.0	rep2
p56rep2-2379	0.0	0.0	0.0	rep2
p56rep2-2380	0.0	0.0	0.0	rep2
p56rep2-2381	0.0	0.0	0.0	rep2
p56rep2-2382	0.0	0.0	0.0	rep2
p56rep2-2383	0.0	0.0	0.0	rep2
p56rep2-2384	0.0	0.0	0.0	rep2
p56rep2-2385	0.0	0.0	0.0	rep2
p56rep2-2386	0.0	0.0	0.0	rep2
p56rep2-2387	0.0	0.0	0.0	rep2
p56rep2-2388	0.0	0.0	0.0	rep2
p56rep2-2389	0.0	0.0	0.0	rep2
p56rep2-2390	0.0	0.0	0.0	rep2
p56rep2-2391	0.0	0.0	0.0	rep2
p56rep2-2392	0.0	0.0	0.0	rep2
p56rep2-2393	0.0	0.0	0.0	rep2
p56rep2-2394	0.0	0.0	0.0	rep2
p56rep2-2395	0.0	0.0	0.0	rep2
p56rep2-2396	0.0	0.0	0.0	rep2
p56rep2-2397	0.0	0.0	0.0	rep2
p56rep2-2398	0.0	0.0	0.0	rep2
p56rep2-2399	0.0	0.0	0.0	rep2
p56rep2-2400	0.0	0.0	0.0	rep2
p56rep2-2401	0.0	0.0	0.0	rep2
p56rep2-2402	0.0	0.0	0.0	rep2
p56rep2-2403	0.0	0.0	0.0	rep2
p56rep2-2404	0.0	0.0	0.0	rep2
p56rep2-2405	0.0	0.0	0.0	rep2
p56rep2-2406	0.0	0.0	0.0	rep2
p56rep2-2407	0.0	0.0	0.0	rep2
p56rep2-2408	0.0	0.0	0.0	rep2
p56rep2-2409	0.0	0.0	0.0	rep2
p56rep2-2410	0.0	0.0	0.0	rep2
p56rep2-2411	0.0	0.0	0.0	rep2
p56rep2-2412	0.0	0.0	0.0	rep2
p56rep2-2413	0.0	0.0	0.0	rep2
p56rep2-2414	0.0	0.0	0.0	rep2
p56rep2-2415	0.0	0.0	0.0	rep2
p56rep2-2416	0.0	0.0	0.0	rep2
p56rep2-2417	0.0	0.0	0.0	rep2
p56rep2-2418	0.0	0.0	0.0	rep2
p56rep2-2419	0.0	0.0	0.0	rep2
p56rep2-2420	0.0	0.0	0.0	rep2
p56rep2-2421	0.0	0.0	0.0	rep2
p56rep2-2422	0.0	0.0	0.0	rep2
p56rep2-2423	0.0	0.0	0.0	rep2
p56rep2-2424	0.0	0.0	0.0	rep2
p56rep2-2425	0.0	0.0	0.0	rep2
p56rep2-2426	0.0	0.0	0.0	rep2
p56rep2-2427	0.0	0.0	0.0	rep2
p56rep2-2428	0.0	0.0	0.0	rep2
p56rep2-2429	0.0	0.0	0.0	rep2
p56rep2-2430	0.0	0.0	0.0	rep2
p56rep2-2431	0.0	0.0	0.0	rep2
p56rep2-2432	0.0	0.0	0.0	rep2
p56rep2-2433	0.0	0.0	0.0	rep2
p56rep2-2434	0.0	0.0	0.0	rep2
p56rep2-2435	0.0	0.0	0.0	rep2
p56rep2-2436	0.0	0.0	0.0	rep2
p56rep2-2437	0.0	0.0	0.0	rep2
p56rep2-2438	0.0	0.0	0.0	rep2
p56rep2-2439	0.0	0.0	0.0	rep2
p56rep2-2440	0.0	0.0	0.0	rep2
p56rep2-2441	0.0	0.0	0.0	rep2
p56rep2-2442	0.0	0.0	0.0	rep2
p56rep2-2443	0.0	0.0	0.0	rep2
p56rep2-2444	0.0	0.0	0.0	rep2
p56rep2-2445	0.0	0.0	0.0	rep2
p56rep2-2446	0.0	0.0	0.0	rep2
p56rep2-2447	0.0	0.0	0.0	rep2
p56rep2-2448	0.0	0.0	0.0	rep2
p56rep2-2449	0.0	0.0	0.0	rep2
p56rep2-2450	0.0	0.0	0.0	rep2
p56rep2-2451	0.0	0.0	0.0	rep2
p56rep2-2452	0.0	0.0	0.0	rep2
p56rep2-2453	0.0	0.0	0.0	rep2
p56rep2-2454	0.0	0.0	0.0	rep2
p56rep2-2455	0.0	0.0	0.0	rep2
p56rep2-2456	0.0	0.0	0.0	rep2
p56rep2-2457	0.0	0.0	0.0	rep2
p56rep2-2458	0.0	0.0	0.0	rep2
p56rep2-2459	0.0	0.0	0.0	rep2
p56rep2-2460	0.0	0.0	0.0	rep2
p56rep2-2461	0.0	0.0	0.0	rep2
p56rep2-2462	0.0	0.0	0.0	rep2
p56rep2-2463	0.0	0.0	0.0	rep2
p56rep2-2464	0.0	0.0	0.0	rep2
p56rep2-2465	0.0	0.0	0.0	rep2
p56rep2-2466	0.0	0.0	0.0	rep2
p56rep2-2467	0.0	0.0	0.0	rep2
p56rep2-2468	0.0	0.0	0.0	rep2
p56rep2-2469	0.0	0.0	0.0	rep2
p56rep2-2470	0.0	0.0	0.0	rep2
p56rep2-2471	0.0	0.0	0.0	rep2
p56rep2-2472	0.0	0.0	0.0	rep2
p56rep2-2473	0.0	0.0	0.0	rep2
p56rep2-2474	0.0	0.0	0.0	rep2
p56rep2-2475	0.0	0.0	0.0	rep2
p56rep2-2476	0.0	0.0	0.0	rep2
p56rep2-2477	0.0	0.0	0.0	rep2
p56rep2-2478	0.0	0.0	0.0	rep2
p56rep2-2479	0.0	0.0	0.0	rep2
p56rep2-2480	0.0	0.0	0.0	rep2
p56rep2-2481	0.0	0.0	0.0	rep2
p56rep2-2482	0.0	0.0	0.0	rep2
p56rep2-2483	0.0	0.0	0.0	rep2
p56rep2-2484	0.0	0.0	0.0	rep2
p56rep2-2485	0.0	0.0	0.0	rep2
p56rep2-2486	0.0	0.0	0.0	rep2
p56rep2-2487	0.0	0.0	0.0	rep2
p56rep2-2488	0.0	0.0	0.0	rep2
p56rep2-2489	0.0	0.0	0.0	rep2
p56rep2-2490	0.0	0.0	0.0	rep2
p56rep2-2491	0.0	0.0	0.0	rep2
p56rep2-2492	0.0	0.0	0.0	rep2
p56rep2-2493	0.0	0.0	0.0	rep2
p56rep2-2494	0.0	0.0	0.0	rep2
p56rep2-2495	0.0	0.0	0.0	rep2
p56rep2-2496	0.0	0.0	0.0	rep2
p56rep2-2497	0.0	0.0	0.0	rep2
p56rep2-2498	0.0	0.0	0.0	rep2
p56rep2-2499	0.0	0.0	0.0	rep2
p56rep2-2500	0.0	0.0	0.0	rep2
p56rep2-2501	0.0	0.0	0.0	rep2
p56rep2-2502	0.0	0.0	0.0	rep2
p56rep2-2503	0.0	0.0	0.0	rep2
p56rep2-2504	0.0	0.0	0.0	rep2
p56rep2-2505	0.0	0.0	0.0	rep2
p56rep2-2506	0.0	0.0	0.0	rep2
p56rep2-2507	0.0	0.0	0.0	rep2
p56rep2-2508	0.0	0.0	0.0	rep2
p56rep2-2509	0.0	0.0	0.0	rep2
p56rep2-2510	0.0	0.0	0.0	rep2
p56rep2-2511	0.0	0.0	0.0	rep2
p56rep2-2512	0.0	0.0	0.0	rep2
p56rep2-2513	0.0	0.0	0.0	rep2
p56rep2-2514	0.0	0.0	0.0	rep2
p56rep2-2515	0.0	0.0	0.0	rep2
p56rep2-2516	0.0	0.0	0.0	rep2
p56rep2-2517	0.0	0.0	0.0	rep2
p56rep2-2518	0.0	0.0	0.0	rep2
p56rep2-2519	0.0	0.0	0.0	rep2
p56rep2-2520	0.0	0.0	0.0	rep2
p56rep2-2521	0.0	0.0	0.0	rep2
p56rep2-2522	0.0	0.0	0.0	rep2
p56rep2-2523	0.0	0.0	0.0	rep2
p56rep2-2524	0.0	0.0	0.0	rep2
p56rep2-2525	0.0	0.0	0.0	rep2
p56rep2-2526	0.0	0.0	0.0	rep2
p56rep2-2527	0.0	0.0	0.0	rep2
p56rep2-2528	0.0	0.0	0.0	rep2
p56rep2-2529	0.0	0.0	0.0	rep2
p56rep2-2530	0.0	0.0	0.0	rep2
p56rep2-2531	0.0	0.0	0.0	rep2
p56rep2-2532	0.0	0.0	0.0	rep2
p56rep2-2533	0.0	0.0	0.0	rep2
p56rep2-2534	0.0	0.0	0.0	rep2
p56rep2-2535	0.0	0.0	0.0	rep2
p56rep2-2536	0.0	0.0	0.0	rep2
p56rep2-2537	0.0	0.0	0.0	rep2
p56rep2-2538	0.0	0.0	0.0	rep2
p56rep2-2539	0.0	0.0	0.0	rep2
p56rep2-2540	0.0	0.0	0.0	rep2
p56rep2-2541	0.0	0.0	0.0	rep2
p56rep2-2542	0.0	0.0	0.0	rep2
p56rep2-2543	0.0	0.0	0.0	rep2
p56rep2-2544	0.0	0.0	0.0	rep2
p56rep2-2545	0.0	0.0	0.0	rep2
p56rep2-2546	0.0	0.0	0.0	rep2
p56rep2-2547	0.0	0.0	0.0	rep2
p56rep2-2548	0.0	0.0	0.0	rep2
p56rep2-2549	0.0	0.0	0.0	rep2
p56rep2-2550	0.0	0.0	0.0	rep2
p56rep2-2551	0.0	0.0	0.0	rep2
p56rep2-2552	0.0	0.0	0.0	rep2
p56rep2-2553	0.0	0.0	0.0	rep2
p56rep2-2554	0.0	0.0	0.0	rep2
p56rep2-2555	0.0	0.0	0.0	rep2
p56rep2-2556	0.0	0.0	0.0	rep2
p56rep2-2557	0.0	0.0	0.0	rep2
p56rep2-2558	0.0	0.0	0.0	rep2
p56rep2-2559	0.0	0.0	0.0	rep2
p56rep2-2560	0.0	0.0	0.0	rep2
p56rep2-2561	0.0	0.0	0.0	rep2
p56rep2-2562	0.0	0.0	0.0	rep2
p56rep2-2563	0.0	0.0	0.0	rep2
p56rep2-2564	0.0	0.0	0.0	rep2
p56rep2-2565	0.0	0.0	0.0	rep2
p56rep2-2566	0.0	0.0	0.0	rep2
p56rep2-2567	0.0	0.0	0.0	rep2
p56rep2-2568	0.0	0.0	0.0	rep2
p56rep2-2569	0.0	0.0	0.0	rep2
p56rep2-2570	0.0	0.0	0.0	rep2
p56rep2-2571	0.0	0.0	0.0	rep2
p56rep2-2572	0.0	0.0	0.0	rep2
p56rep2-2573	0.0	0.0	0.0	rep2
p56rep2-2574	0.0	0.0	0.0	rep2
p56rep2-2575	0.0	0.0	0.0	rep2
p56rep2-2576	0.0	0.0	0.0	rep2
p56rep2-2577	0.0	0.0	0.0	rep2
p56rep2-2578	0.0	0.0	0.0	rep2
p56rep2-2579	0.0	0.0	0.0	rep2
p56rep2-2580	0.0	0.0	0.0	rep2
p56rep2-2581	0.0	0.0	0.0	rep2
p56rep2-2582	0.0	0.0	0.0	rep2
p56rep2-2583	0.0	0.0	0.0	rep2
p56rep2-2584	0.0	0.0	0.0	rep2
p56rep2-2585	0.0	0.0	0.0	rep2
p56rep2-2586	0.0	0.0	0.0	rep2
p56rep2-2587	0.0	0.0	0.0	rep2
p56rep2-2588	0.0	0.0	0.0	rep2
p56rep2-2589	0.0	0.0	0.0	rep2
p56rep2-2590	0.0	0.0	0.0	rep2
p56rep2-2591	0.0	0.0	0.0	rep2
p56rep2-2592	0.0	0.0	0.0	rep2
p56rep2-2593	0.0	0.0	0.0	rep2
p56rep2-2594	0.0	0.0	0.0	rep2
p56rep2-2595	0.0	0.0	0.0	rep2
p56rep2-2596	0.0	0.0	0.0	rep2
p56rep2-2597	0.0	0.0	0.0	rep2
p56rep2-2598	0.0	0.0	0.0	rep2
p56rep2-2599	0.0	0.0	0.0	rep2
p56rep2-2600	0.0	0.0	0.0	rep2
p56rep2-2601	0.0	0.0	0.0	rep2
p56rep2-2602	0.0	0.0	0.0	rep2
p56rep2-2603	0.0	0.0	0.0	rep2
p56rep2-2604	0.0	0.0	0.0	rep2
p56rep2-2605	0.0	0.0	0.0	rep2
p56rep2-2606	0.0	0.0	0.0	rep2
p56rep2-2607	0.0	0.0	0.0	rep2
p56rep2-2608	0.0	0.0	0.0	rep2
p56rep2-2609	0.0	0.0	0.0	rep2
p56rep2-2610	0.0	0.0	0.0	rep2
p56rep2-2611	0.0	0.0	0.0	rep2
p56rep2-2612	0.0	0.0	0.0	rep2
p56rep2-2613	0.0	0.0	0.0	rep2
p56rep2-2614	0.0	0.0	0.0	rep2
p56rep2-2615	0.0	0.0	0.0	rep2
p56rep2-2616	0.0	0.0	0.0	rep2
p56rep2-2617	0.0	0.0	0.0	rep2
p56rep2-2618	0.0	0.0	0.0	rep2
p56rep2-2619	0.0	0.0	0.0	rep2
p56rep2-2620	0.0	0.0	0.0	rep2
p56rep2-2621	0.0	0.0	0.0	rep2
p56rep2-2622	0.0	0.0	0.0	rep2
p56rep2-2623	0.0	0.0	0.0	rep2
p56rep2-2624	0.0	0.0	0.0	rep2
p56rep2-2625	0.0	0.0	0.0	rep2
p56rep2-2626	0.0	0.0	0.0	rep2
p56rep2-2627	0.0	0.0	0.0	rep2
p56rep2-2628	0.0	0.0	0.0	rep2
p56rep2-2629	0.0	0.0	0.0	rep2
p56rep2-2630	0.0	0.0	0.0	rep2
p56rep2-2631	0.0	0.0	0.0	rep2
p56rep2-2632	0.0	0.0	0.0	rep2
p56rep2-2633	0.0	0.0	0.0	rep2
p56rep2-2634	0.0	0.0	0.0	rep2
p56rep2-2635	0.0	0.0	0.0	rep2
p56rep2-2636	0.0	0.0	0.0	rep2
p56rep2-2637	0.0	0.0	0.0	rep2
p56rep2-2638	0.0	0.0	0.0	rep2
p56rep2-2639	0.0	0.0	0.0	rep2
p56rep2-2640	0.0	0.0	0.0	rep2
p56rep2-2641	0.0	0.0	0.0	rep2
p56rep2-2642	0.0	0.0	0.0	rep2
p56rep2-2643	0.0	0.0	0.0	rep2
p56rep2-2644	0.0	0.0	0.0	rep2
p56rep2-2645	0.0	0.0	0.0	rep2
p56rep2-2646	0.0	0.0	0.0	rep2
p56rep2-2647	0.0	0.0	0.0	rep2
p56rep2-2648	0.0	0.0	0.0	rep2
p56rep2-2649	0.0	0.0	0.0	rep2
p56rep2-2650	0.0	0.0	0.0	rep2
p56rep2-2651	0.0	0.0	0.0	rep2
p56rep2-2652	0.0	0.0	0.0	rep2
p56rep2-2653	0.0	0.0	0.0	rep2
p56rep2-2654	0.0	0.0	0.0	rep2
p56rep2-2655	0.0	0.0	0.0	rep2
p56rep2-2656	0.0	0.0	0.0	rep2
p56rep2-2657	0.0	0.0	0.0	rep2
p56rep2-2658	0.0	0.0	0.0	rep2
p56rep2-2659	0.0	0.0	0.0	rep2
p56rep2-2660	0.0	0.0	0.0	rep2
p56rep2-2661	0.0	0.0	0.0	rep2
p56rep2-2662	0.0	0.0	0.0	rep2
p56rep2-2663	0.0	0.0	0.0	rep2
p56rep2-2664	0.0	0.0	0.0	rep2
p56rep2-2665	0.0	0.0	0.0	rep2
p56rep2-2666	0.0	0.0	0.0	rep2
p56rep2-2667	0.0	0.0	0.0	rep2
p56rep2-2668	0.0	0.0	0.0	rep2
p56rep2-2669	0.0	0.0	0.0	rep2
p56rep2-2670	0.0	0.0	0.0	rep2
p56rep2-2671	0.0	0.0	0.0	rep2
p56rep2-2672	0.0	0.0	0.0	rep2
p56rep2-2673	0.0	0.0	0.0	rep2
p56rep2-2674	0.0	0.0	0.0	rep2
p56rep2-2675	0.0	0.0	0.0	rep2
p56rep2-2676	0.0	0.0	0.0	rep2
p56rep2-2677	0.0	0.0	0.0	rep2
p56rep2-2678	0.0	0.0	0.0	rep2
p56rep2-2679	0.0	0.0	0.0	rep2
p56rep2-2680	0.0	0.0	0.0	rep2
p56rep2-2681	0.0	0.0	0.0	rep2
p56rep2-2682	0.0	0.0	0.0	rep2
p56rep2-2683	0.0	0.0	0.0	rep2
p56rep2-2684	0.0	0.0	0.0	rep2
p56rep2-2685	0.0	0.0	0.0	rep2
p56rep2-2686	0.0	0.0	0.0	rep2
p56rep2-2687	0.0	0.0	0.0	rep2
p56rep2-2688	0.0	0.0	0.0	rep2
p56rep2-2689	0.0	0.0	0.0	rep2
p56rep2-2690	0.0	0.0	0.0	rep2
p56rep2-2691	0.0	0.0	0.0	rep2
p56rep2-2692	0.0	0.0	0.0	rep2
p56rep2-2693	0.0	0.0	0.0	rep2
p56rep2-2694	0.0	0.0	0.0	rep2
p56rep2-2695	0.0	0.0	0.0	rep2
p56rep2-2696	0.0	0.0	0.0	rep2
p56rep2-2697	0.0	0.0	0.0	rep2
p56rep2-2698	0.0	0.0	0.0	rep2
p56rep2-2699	0.0	0.0	0.0	rep2
p56rep2-2700	0.0	0.0	0.0	rep2
p56rep2-2701	0.0	0.0	0.0	rep2
p56rep2-2702	0.0	0.0	0.0	rep2
p56rep2-2703	0.0	0.0	0.0	rep2
p56rep2-2704	0.0	0.0	0.0	rep2
p56rep2-2705	0.0	0.0	0.0	rep2
p56rep2-2706	0.0	0.0	0.0	rep2
p56rep2-2707	0.0	0.0	0.0	rep2
p56rep2-2708	0.0	0.0	0.0	rep2
p56rep2-2709	0.0	0.0	0.0	rep2
p56rep2-2710	0.0	0.0	0.0	rep2
p56rep2-2711	0.0	0.0	0.0	rep2
p56rep2-2712	0.0	0.0	0.0	rep2
p56rep2-2713	0.0	0.0	0.0	rep2
p56rep2-2714	0.0	0.0	0.0	rep2
p56rep2-2715	0.0	0.0	0.0	rep2
p56rep2-2716	0.0	0.0	0.0	rep2
p56rep2-2717	0.0	0.0	0.0	rep2
p56rep2-2718	0.0	0.0	0.0	rep2
p56rep2-2719	0.0	0.0	0.0	rep2
p56rep2-2720	0.0	0.0	0.0	rep2
p56rep2-2721	0.0	0.0	0.0	rep2
p56rep2-2722	0.0	0.0	0.0	rep2
p56rep2-2723	0.0	0.0	0.0	rep2
p56rep2-2724	0.0	0.0	0.0	rep2
p56rep2-2725	0.0	0.0	0.0	rep2
p56rep2-2726	0.0	0.0	0.0	rep2
p56rep2-2727	0.0	0.0	0.0	rep2
p56rep2-2728	0.0	0.0	0.0	rep2
p56rep2-2729	0.0	0.0	0.0	rep2
p56rep2-2730	0.0	0.0	0.0	rep2
p56rep2-2731	0.0	0.0	0.0	rep2
p56rep2-2732	0.0	0.0	0.0	rep2
p56rep2-2733	0.0	0.0	0.0	rep2
p56rep2-2734	0.0	0.0	0.0	rep2
p56rep2-2735	0.0	0.0	0.0	rep2
p56rep2-2736	0.0	0.0	0.0	rep2
p56rep2-2737	0.0	0.0	0.0	rep2
p56rep2-2738	0.0	0.0	0.0	rep2
p56rep2-2739	0.0	0.0	0.0	rep2
p56rep2-2740	0.0	0.0	0.0	rep2
p56rep2-2741	0.0	0.0	0.0	rep2
p56rep2-2742	0.0	0.0	0.0	rep2
p56rep2-2743	0.0	0.0	0.0	rep2
p56rep2-2744	0.0	0.0	0.0	rep2
p56rep2-2745	0.0	0.0	0.0	rep2
p56rep2-2746	0.0	0.0	0.0	rep2
p56rep2-2747	0.0	0.0	0.0	rep2
p56rep2-2748	0.0	0.0	0.0	rep2
p56rep2-2749	0.0	0.0	0.0	rep2
p56rep2-2750	0.0	0.0	0.0	rep2
p56rep2-2751	0.0	0.0	0.0	rep2
p56rep2-2752	0.0	0.0	0.0	rep2
p56rep2-2753	0.0	0.0	0.0	rep2
p56rep2-2754	0.0	0.0	0.0	rep2
p56rep2-2755	0.0	0.0	0.0	rep2
p56rep2-2756	0.0	0.0	0.0	rep2
p56rep2-2757	0.0	0.0	0.0	rep2
p56rep2-2758	0.0	0.0	0.0	rep2
p56rep2-2759	0.0	0.0	0.0	rep2
p56rep2-2760	0.0	0.0	0.0	rep2
p56rep2-2761	0.0	0.0	0.0	rep2
p56rep2-2762	0.0	0.0	0.0	rep2
p56rep2-2763	0.0	0.0	0.0	rep2
p56rep2-2764	0.0	0.0	0.0	rep2
p56rep2-2765	0.0	0.0	0.0	rep2
p56rep2-2766	0.0	0.0	0.0	rep2
p56rep2-2767	0.0	0.0	0.0	rep2
p56rep2-2768	0.0	0.0	0.0	rep2
p56rep2-2769	0.0	0.0	0.0	rep2
p56rep2-2770	0.0	0.0	0.0	rep2
p56rep2-2771	0.0	0.0	0.0	rep2
p56rep2-2772	0.0	0.0	0.0	rep2
p56rep2-2773	0.0	0.0	0.0	rep2
p56rep2-2774	0.0	0.0	0.0	rep2
p56rep2-2775	0.0	0.0	0.0	rep2
p56rep2-2776	0.0	0.0	0.0	rep2
p56rep2-2777	0.0	0.0	0.0	rep2
p56rep2-2778	0.0	0.0	0.0	rep2
p56rep2-2779	0.0	0.0	0.0	rep2
p56rep2-2780	0.0	0.0	0.0	rep2
p56rep2-2781	0.0	0.0	0.0	rep2
p56rep2-2782	0.0	0.0	0.0	rep2
p56rep2-2783	0.0	0.0	0.0	rep2
p56rep2-2784	0.0	0.0	0.0	rep2
p56rep2-2785	0.0	0.0	0.0	rep2
p56rep2-2786	0.0	0.0	0.0	rep2
p56rep2-2787	0.0	0.0	0.0	rep2
p56rep2-2788	0.0	0.0	0.0	rep2
p56rep2-2789	0.0	0.0	0.0	rep2
p56rep2-2790	0.0	0.0	0.0	rep2
p56rep2-2791	0.0	0.0	0.0	rep2
p56rep2-2792	0.0	0.0	0.0	rep2
p56rep2-2793	0.0	0.0	0.0	rep2
p56rep2-2794	0.0	0.0	0.0	rep2
p56rep2-2795	0.0	0.0	0.0	rep2
p56rep2-2796	0.0	0.0	0.0	rep2
p56rep2-2797	0.0	0.0	0.0	rep2
p56rep2-2798	0.0	0.0	0.0	rep2
p56rep2-2799	0.0	0.0	0.0	rep2
p56rep2-2800	0.0	0.0	0.0	rep2
p56rep2-2801	0.0	0.0	0.0	rep2
p56rep2-2802	0.0	0.0	0.0	rep2
p56rep2-2803	0.0	0.0	0.0	rep2
p56rep2-2804	0.0	0.0	0.0	rep2
p56rep2-2805	0.0	0.0	0.0	rep2
p56rep2-2806	0.0	0.0	0.0	rep2
p56rep2-2807	0.0	0.0	0.0	rep2
p56rep2-2808	0.0	0.0	0.0	rep2
p56rep2-2809	0.0	0.0	0.0	rep2
p56rep2-2810	0.0	0.0	0.0	rep2
p56rep2-2811	0.0	0.0	0.0	rep2
p56rep2-2812	0.0	0.0	0.0	rep2
p56rep2-2813	0.0	0.0	0.0	rep2
p56rep2-2814	0.0	0.0	0.0	rep2
p56rep2-2815	0.0	0.0	0.0	rep2
p56rep2-2816	0.0	0.0	0.0	rep2
p56rep2-2817	0.0	0.0	0.0	rep2
p56rep2-2818	0.0	0.0	0.0	rep2
p56rep2-2819	0.0	0.0	0.0	rep2
p56rep2-2820	0.0	0.0	0.0	rep2
p56rep2-2821	0.0	0.0	0.0	rep2
p56rep2-2822	0.0	0.0	0.0	rep2
p56rep2-2823	0.0	0.0	0.0	rep2
p56rep2-2824	0.0	0.0	0.0	rep2
p56rep2-2825	0.0	0.0	0.0	rep2
p56rep2-2826	0.0	0.0	0.0	rep2
p56rep2-2827	0.0	0.0	0.0	rep2
p56rep2-2828	0.0	0.0	0.0	rep2
p56rep2-2829	0.0	0.0	0.0	rep2
p56rep2-2830	0.0	0.0	0.0	rep2
p56rep2-2831	0.0	0.0	0.0	rep2
p56rep2-2832	0.0	0.0	0.0	rep2
p56rep2-2833	0.0	0.0	0.0	rep2
p56rep2-2834	0.0	0.0	0.0	rep2
p56rep2-2835	0.0	0.0	0.0	rep2
p56rep2-2836	0.0	0.0	0.0	rep2
p56rep2-2837	0.0	0.0	0.0	rep2
p56rep2-2838	0.0	0.0	0.0	rep2
p56rep2-2839	0.0	0.0	0.0	rep2
p56rep2-2840	0.0	0.0	0.0	rep2
p56rep2-2841	0.0	0.0	0.0	rep2
p56rep2-2842	0.0	0.0	0.0	rep2
p56rep2-2843	0.0	0.0	0.0	rep2
p56rep2-2844	0.0	0.0	0.0	rep2
p56rep2-2845	0.0	0.0	0.0	rep2
p56rep2-2846	0.0	0.0	0.0	rep2
p56rep2-2847	0.0	0.0	0.0	rep2
p56rep2-2848	0.0	0.0	0.0	rep2
p56rep2-2849	0.0	0.0	0.0	rep2
p56rep2-2850	0.0	0.0	0.0	rep2
p56rep2-2851	0.0	0.0	0.0	rep2
p56rep2-2852	0.0	0.0	0.0	rep2
p56rep2-2853	0.0	0.0	0.0	rep2
p56rep2-2854	0.0	0.0	0.0	rep2
p56rep2-2855	0.0	0.0	0.0	rep2
p56rep2-2856	0.0	0.0	0.0	rep2
p56rep2-2857	0.0	0.0	0.0	rep2
p56rep2-2858	0.0	0.0	0.0	rep2
p56rep2-2859	0.0	0.0	0.0	rep2
p56rep2-2860	0.0	0.0	0.0	rep2
p56rep2-2861	0.0	0.0	0.0	rep2
p56rep2-2862	0.0	0.0	0.0	rep2
p56rep2-2863	0.0	0.0	0.0	rep2
p56rep2-2864	0.0	0.0	0.0	rep2
p56rep2-2865	0.0	0.0	0.0	rep2
p56rep2-2866	0.0	0.0	0.0	rep2
p56rep2-2867	0.0	0.0	0.0	rep2
p56rep2-2868	0.0	0.0	0.0	rep2
p56rep2-2869	0.0	0.0	0.0	rep2
p56rep2-2870	0.0	0.0	0.0	rep2
p56rep2-2871	0.0	0.0	0.0	rep2
p56rep2-2872	0.0	0.0	0.0	rep2
p56rep2-2873	0.0	0.0	0.0	rep2
p56rep2-2874	0.0	0.0	0.0	rep2
p56rep2-2875	0.0	0.0	0.0	rep2
p56rep2-2876	0.0	0.0	0.0	rep2
p56rep2-2877	0.0	0.0	0.0	rep2
p56rep2-2878	0.0	0.0	0.0	rep2
p56rep2-2879	0.0	0.0	0.0	rep2
p56rep2-2880	0.0	0.0	0.0	rep2
p56rep2-2881	0.0	0.0	0.0	rep2
p56rep2-2882	0.0	0.0	0.0	rep2
p56rep2-2883	0.0	0.0	0.0	rep2
p56rep2-2884	0.0	0.0	0.0	rep2
p56rep2-2885	0.0	0.0	0.0	rep2
p56rep2-2886	0.0	0.0	0.0	rep2
p56rep2-2887	0.0	0.0	0.0	rep2
p56rep2-2888	0.0	0.0	0.0	rep2
p56rep2-2889	0.0	0.0	0.0	rep2
p56rep2-2890	0.0	0.0	0.0	rep2
p56rep2-2891	0.0	0.0	0.0	rep2
p56rep2-2892	0.0	0.0	0.0	rep2
p56rep2-2893	0.0	0.0	0.0	rep2
p56rep2-2894	0.0	0.0	0.0	rep2
p56rep2-2895	0.0	0.0	0.0	rep2
p56rep2-2896	0.0	0.0	0.0	rep2
p56rep2-2897	0.0	0.0	0.0	rep2
p56rep2-2898	0.0	0.0	0.0	rep2
p56rep2-2899	0.0	0.0	0.0	rep2
p56rep2-2900	0.0	0.0	0.0	rep2
p56rep2-2901	0.0	0.0	0.0	rep2
p56rep2-2902	0.0	0.0	0.0	rep2
p56rep2-2903	0.0	0.0	0.0	rep2
p56rep2-2904	0.0	0.0	0.0	rep2
p56rep2-2905	0.0	0.0	0.0	rep2
p56rep2-2906	0.0	0.0	0.0	rep2
p56rep2-2907	0.0	0.0	0.0	rep2
p56rep2-2908	0.0	0.0	0.0	rep2
p56rep2-2909	0.0	0.0	0.0	rep2
p56rep2-2910	0.0	0.0	0.0	rep2
p56rep2-2911	0.0	0.0	0.0	rep2
p56rep2-2912	0.0	0.0	0.0	rep2
p56rep2-2913	0.0	0.0	0.0	rep2
p56rep2-2914	0.0	0.0	0.0	rep2
p56rep2-2915	0.0	0.0	0.0	rep2
p56rep2-2916	0.0	0.0	0.0	rep2
p56rep2-2917	0.0	0.0	0.0	rep2
p56rep2-2918	0.0	0.0	0.0	rep2
p56rep2-2919	0.0	0.0	0.0	rep2
p56rep2-2920	0.0	0.0	0.0	rep2
p56rep2-2921	0.0	0.0	0.0	rep2
p56rep2-2922	0.0	0.0	0.0	rep2
p56rep2-2923	0.0	0.0	0.0	rep2
p56rep2-2924	0.0	0.0	0.0	rep2
p56rep2-2925	0.0	0.0	0.0	rep2
p56rep2-2926	0.0	0.0	0.0	rep2
p56rep2-2927	0.0	0.0	0.0	rep2
p56rep2-2928	0.0	0.0	0.0	rep2
p56rep2-2929	0.0	0.0	0.0	rep2
p56rep2-2930	0.0	0.0	0.0	rep2
p56rep2-2931	0.0	0.0	0.0	rep2
p56rep2-2932	0.0	0.0	0.0	rep2
p56rep2-2933	0.0	0.0	0.0	rep2
p56rep2-2934	0.0	0.0	0.0	rep2
p56rep2-2935	0.0	0.0	0.0	rep2
p56rep2-2936	0.0	0.0	0.0	rep2
p56rep2-2937	0.0	0.0	0.0	rep2
p56rep2-2938	0.0	0.0	0.0	rep2
p56rep2-2939	0.0	0.0	0.0	rep2
p56rep2-2940	0.0	0.0	0.0	rep2
p56rep2-2941	0.0	0.0	0.0	rep2
p56rep2-2942	0.0	0.0	0.0	rep2
p56rep2-2943	0.0	0.0	0.0	rep2
p56rep2-2944	0.0	0.0	0.0	rep2
p56rep2-2945	0.0	0.0	0.0	rep2
p56rep2-2946	0.0	0.0	0.0	rep2
p56rep2-2947	0.0	0.0	0.0	rep2
p56rep2-2948	0.0	0.0	0.0	rep2
p56rep2-2949	0.0	0.0	0.0	rep2
p56rep2-2950	0.0	0.0	0.0	rep2
p56rep2-2951	0.0	0.0	0.0	rep2
p56rep2-2952	0.0	0.0	0.0	rep2
p56rep2-2953	0.0	0.0	0.0	rep2
p56rep2-2954	0.0	0.0	0.0	rep2
p56rep2-2955	0.0	0.0	0.0	rep2
p56rep2-2956	0.0	0.0	0.0	rep2
p56rep2-2957	0.0	0.0	0.0	rep2
p56rep2-2958	0.0	0.0	0.0	rep2
p56rep2-2959	0.0	0.0	0.0	rep2
p56rep2-2960	0.0	0.0	0.0	rep2
p56rep2-2961	0.0	0.0	0.0	rep2
p56rep2-2962	0.0	0.0	0.0	rep2
p56rep2-2963	0.0	0.0	0.0	rep2
p56rep2-2964	0.0	0.0	0.0	rep2
p56rep2-2965	0.0	0.0	0.0	rep2
p56rep2-2966	0.0	0.0	0.0	rep2
p56rep2-2967	0.0	0.0	0.0	rep2
p56rep2-2968	0.0	0.0	0.0	rep2
p56rep2-2969	0.0	0.0	0.0	rep2
p56rep2-2970	0.0	0.0	0.0	rep2
p56rep2-2971	0.0	0.0	0.0	rep2
p56rep2-2972	0.0	0.0	0.0	rep2
p56rep2-2973	0.0	0.0	0.0	rep2
p56rep2-2974	0.0	0.0	0.0	rep2
p56rep2-2975	0.0	0.0	0.0	rep2
p56rep2-2976	0.0	0.0	0.0	rep2
p56rep2-2977	0.0	0.0	0.0	rep2
p56rep2-2978	0.0	0.0	0.0	rep2
p56rep2-2979	0.0	0.0	0.0	rep2
p56rep2-2980	0.0	0.0	0.0	rep2
p56rep2-2981	0.0	0.0	0.0	rep2
p56rep2-2982	0.0	0.0	0.0	rep2
p56rep2-2983	0.0	0.0	0.0	rep2
p56rep2-2984	0.0	0.0	0.0	rep2
p56rep2-2985	0.0	0.0	0.0	rep2
p56rep2-2986	0.0	0.0	0.0	rep2
p56rep2-2987	0.0	0.0	0.0	rep2
p56rep2-2988	0.0	0.0	0.0	rep2
p56rep2-2989	0.0	0.0	0.0	rep2
p56rep2-2990	0.0	0.0	0.0	rep2
p56rep2-2991	0.0	0.0	0.0	rep2
p56rep2-2992	0.0	0.0	0.0	rep2
p56rep2-2993	0.0	0.0	0.0	rep2
p56rep2-2994	0.0	0.0	0.0	rep2
p56rep2-2995	0.0	0.0	0.0	rep2
p56rep2-2996	0.0	0.0	0.0	rep2
p56rep2-2997	0.0	0.0	0.0	rep2
p56rep2-2998	0.0	0.0	0.0	rep2
p56rep2-2999	0.0	0.0	0.0	rep2
p56rep2-3000	0.0	0.0	0.0	rep2
p56rep2-3001	0.0	0.0	0.0	rep2
p56rep2-3002	0.0	0.0	0.0	rep2
p56rep2-3003	0.0	0.0	0.0	rep2
p56rep2-3004	0.0	0.0	0.0	rep2
p56rep2-3005	0.0	0.0	0.0	rep2
p56rep2-3006	0.0	0.0	0.0	rep2
p56rep2-3007	0.0	0.0	0.0	rep2
p56rep2-3008	0.0	0.0	0.0	rep2
p56rep2-3009	0.0	0.0	0.0	rep2
p56rep2-3010	0.0	0.0	0.0	rep2
p56rep2-3011	0.0	0.0	0.0	rep2
p56rep2-3012	0.0	0.0	0.0	rep2
p56rep2-3013	0.0	0.0	0.0	rep2
p56rep2-3014	0.0	0.0	0.0	rep2
p56rep2-3015	0.0	0.0	0.0	rep2
p56rep2-3016	0.0	0.0	0.0	rep2
p56rep2-3017	0.0	0.0	0.0	rep2
p56rep2-3018	0.0	0.0	0.0	rep2
p56rep2-3019	0.0	0.0	0.0	rep2
p56rep2-3020	0.0	0.0	0.0	rep2
p56rep2-3021	0.0	0.0	0.0	rep2
p56rep2-3022	0.0	0.0	0.0	rep2
p56rep2-3023	0.0	0.0	0.0	rep2
p56rep2-3024	0.0	0.0	0.0	rep2
p56rep2-3025	0.0	0.0	0.0	rep2
p56rep2-3026	0.0	0.0	0.0	rep2
p56rep2-3027	0.0	0.0	0.0	rep2
p56rep2-3028	0.0	0.0	0.0	rep2
p56rep2-3029	0.0	0.0	0.0	rep2
p56rep2-3030	0.0	0.0	0.0	rep2
p56rep2-3031	0.0	0.0	0.0	rep2
p56rep2-3032	0.0	0.0	0.0	rep2
p56rep2-3033	0.0	0.0	0.0	rep2
