	cluster
p56rep1-0	0
p56rep1-1	1
p56rep1-2	2
p56rep1-3	3
p56rep1-4	4
p56rep1-5	5
p56rep1-6	5
p56rep1-7	6
p56rep1-8	7
p56rep1-9	1
p56rep1-10	0
p56rep1-11	0
p56rep1-12	4
p56rep1-13	2
p56rep1-14	0
p56rep1-15	2
p56rep1-16	1
p56rep1-17	5
p56rep1-18	6
p56rep1-19	2
p56rep1-20	7
p56rep1-21	2
p56rep1-22	0
p56rep1-23	8
p56rep1-24	8
p56rep1-25	9
p56rep1-26	9
p56rep1-27	9
p56rep1-28	4
p56rep1-29	2
p56rep1-30	10
p56rep1-31	2
p56rep1-32	9
p56rep1-33	11
p56rep1-34	11
p56rep1-35	2
p56rep1-36	1
p56rep1-37	0
p56rep1-38	4
p56rep1-39	0
p56rep1-40	1
p56rep1-41	4
p56rep1-42	4
p56rep1-43	6
p56rep1-44	8
p56rep1-45	0
p56rep1-46	8
p56rep1-47	9
p56rep1-48	8
p56rep1-49	8
p56rep1-50	2
p56rep1-51	0
p56rep1-52	6
p56rep1-53	6
p56rep1-54	2
p56rep1-55	4
p56rep1-56	8
p56rep1-57	2
p56rep1-58	2
p56rep1-59	5
p56rep1-60	11
p56rep1-61	2
p56rep1-62	7
p56rep1-63	12
p56rep1-64	6
p56rep1-65	0
p56rep1-66	7
p56rep1-67	2
p56rep1-68	3
p56rep1-69	2
p56rep1-70	5
p56rep1-71	2
p56rep1-72	5
p56rep1-73	3
p56rep1-74	0
p56rep1-75	9
p56rep1-76	0
p56rep1-77	8
p56rep1-78	6
p56rep1-79	6
p56rep1-80	6
p56rep1-81	8
p56rep1-82	6
p56rep1-83	0
p56rep1-84	10
p56rep1-85	10
p56rep1-86	8
p56rep1-87	8
p56rep1-88	1
p56rep1-89	6
p56rep1-90	6
p56rep1-91	8
p56rep1-92	2
p56rep1-93	1
p56rep1-94	5
p56rep1-95	0
p56rep1-96	7
p56rep1-97	4
p56rep1-98	2
p56rep1-99	0
p56rep1-100	0
p56rep1-101	4
p56rep1-102	4
p56rep1-103	3
p56rep1-104	9
p56rep1-105	1
p56rep1-106	0
p56rep1-107	0
p56rep1-108	8
p56rep1-109	11
p56rep1-110	0
p56rep1-111	8
p56rep1-112	0
p56rep1-113	10
p56rep1-114	7
p56rep1-115	3
p56rep1-116	5
p56rep1-117	1
p56rep1-118	7
p56rep1-119	11
p56rep1-120	1
p56rep1-121	6
p56rep1-122	9
p56rep1-123	10
p56rep1-124	10
p56rep1-125	0
p56rep1-126	6
p56rep1-127	2
p56rep1-128	0
p56rep1-129	6
p56rep1-130	0
p56rep1-131	10
p56rep1-132	6
p56rep1-133	11
p56rep1-134	8
p56rep1-135	2
p56rep1-136	2
p56rep1-137	2
p56rep1-138	0
p56rep1-139	6
p56rep1-140	0
p56rep1-141	2
p56rep1-142	2
p56rep1-143	5
p56rep1-144	0
p56rep1-145	0
p56rep1-146	6
p56rep1-147	2
p56rep1-148	6
p56rep1-149	5
p56rep1-150	2
p56rep1-151	0
p56rep1-152	0
p56rep1-153	6
p56rep1-154	0
p56rep1-155	4
p56rep1-156	11
p56rep1-157	6
p56rep1-158	0
p56rep1-159	5
p56rep1-160	6
p56rep1-161	0
p56rep1-162	8
p56rep1-163	6
p56rep1-164	0
p56rep1-165	9
p56rep1-166	10
p56rep1-167	6
p56rep1-168	5
p56rep1-169	1
p56rep1-170	1
p56rep1-171	5
p56rep1-172	4
p56rep1-173	0
p56rep1-174	1
p56rep1-175	12
p56rep1-176	8
p56rep1-177	6
p56rep1-178	1
p56rep1-179	6
p56rep1-180	9
p56rep1-181	9
p56rep1-182	0
p56rep1-183	1
p56rep1-184	6
p56rep1-185	10
p56rep1-186	10
p56rep1-187	1
p56rep1-188	0
p56rep1-189	0
p56rep1-190	5
p56rep1-191	2
p56rep1-192	2
p56rep1-193	2
p56rep1-194	0
p56rep1-195	9
p56rep1-196	6
p56rep1-197	8
p56rep1-198	9
p56rep1-199	0
p56rep1-200	5
p56rep1-201	0
p56rep1-202	2
p56rep1-203	0
p56rep1-204	10
p56rep1-205	7
p56rep1-206	6
p56rep1-207	1
p56rep1-208	6
p56rep1-209	8
p56rep1-210	0
p56rep1-211	6
p56rep1-212	6
p56rep1-213	3
p56rep1-214	8
p56rep1-215	0
p56rep1-216	11
p56rep1-217	3
p56rep1-218	6
p56rep1-219	11
p56rep1-220	6
p56rep1-221	5
p56rep1-222	8
p56rep1-223	0
p56rep1-224	5
p56rep1-225	8
p56rep1-226	2
p56rep1-227	6
p56rep1-228	0
p56rep1-229	8
p56rep1-230	6
p56rep1-231	0
p56rep1-232	3
p56rep1-233	6
p56rep1-234	2
p56rep1-235	7
p56rep1-236	6
p56rep1-237	0
p56rep1-238	9
p56rep1-239	0
p56rep1-240	0
p56rep1-241	5
p56rep1-242	2
p56rep1-243	8
p56rep1-244	8
p56rep1-245	2
p56rep1-246	0
p56rep1-247	10
p56rep1-248	6
p56rep1-249	6
p56rep1-250	0
p56rep1-251	2
p56rep1-252	1
p56rep1-253	2
p56rep1-254	2
p56rep1-255	0
p56rep1-256	2
p56rep1-257	9
p56rep1-258	0
p56rep1-259	6
p56rep1-260	10
p56rep1-261	6
p56rep1-262	6
p56rep1-263	8
p56rep1-264	8
p56rep1-265	6
p56rep1-266	8
p56rep1-267	13
p56rep1-268	10
p56rep1-269	8
p56rep1-270	0
p56rep1-271	9
p56rep1-272	1
p56rep1-273	1
p56rep1-274	4
p56rep1-275	2
p56rep1-276	2
p56rep1-277	0
p56rep1-278	0
p56rep1-279	0
p56rep1-280	2
p56rep1-281	8
p56rep1-282	5
p56rep1-283	7
p56rep1-284	0
p56rep1-285	10
p56rep1-286	2
p56rep1-287	12
p56rep1-288	1
p56rep1-289	2
p56rep1-290	12
p56rep1-291	0
p56rep1-292	3
p56rep1-293	0
p56rep1-294	11
p56rep1-295	9
p56rep1-296	5
p56rep1-297	8
p56rep1-298	5
p56rep1-299	4
p56rep1-300	8
p56rep1-301	3
p56rep1-302	1
p56rep1-303	12
p56rep1-304	0
p56rep1-305	2
p56rep1-306	12
p56rep1-307	0
p56rep1-308	9
p56rep1-309	7
p56rep1-310	8
p56rep1-311	0
p56rep1-312	5
p56rep1-313	11
p56rep1-314	0
p56rep1-315	1
p56rep1-316	1
p56rep1-317	11
p56rep1-318	10
p56rep1-319	9
p56rep1-320	0
p56rep1-321	0
p56rep1-322	4
p56rep1-323	0
p56rep1-324	4
p56rep1-325	9
p56rep1-326	5
p56rep1-327	4
p56rep1-328	11
p56rep1-329	6
p56rep1-330	6
p56rep1-331	9
p56rep1-332	2
p56rep1-333	0
p56rep1-334	2
p56rep1-335	0
p56rep1-336	4
p56rep1-337	6
p56rep1-338	0
p56rep1-339	0
p56rep1-340	9
p56rep1-341	0
p56rep1-342	4
p56rep1-343	1
p56rep1-344	2
p56rep1-345	6
p56rep1-346	8
p56rep1-347	0
p56rep1-348	2
p56rep1-349	6
p56rep1-350	0
p56rep1-351	9
p56rep1-352	0
p56rep1-353	6
p56rep1-354	4
p56rep1-355	0
p56rep1-356	6
p56rep1-357	5
p56rep1-358	11
p56rep1-359	10
p56rep1-360	2
p56rep1-361	0
p56rep1-362	0
p56rep1-363	6
p56rep1-364	10
p56rep1-365	8
p56rep1-366	0
p56rep1-367	6
p56rep1-368	0
p56rep1-369	0
p56rep1-370	6
p56rep1-371	0
p56rep1-372	2
p56rep1-373	8
p56rep1-374	0
p56rep1-375	2
p56rep1-376	6
p56rep1-377	3
p56rep1-378	0
p56rep1-379	0
p56rep1-380	2
p56rep1-381	1
p56rep1-382	2
p56rep1-383	2
p56rep1-384	6
p56rep1-385	10
p56rep1-386	6
p56rep1-387	6
p56rep1-388	6
p56rep1-389	0
p56rep1-390	9
p56rep1-391	2
p56rep1-392	11
p56rep1-393	6
p56rep1-394	3
p56rep1-395	4
p56rep1-396	5
p56rep1-397	12
p56rep1-398	9
p56rep1-399	4
p56rep1-400	6
p56rep1-401	0
p56rep1-402	6
p56rep1-403	10
p56rep1-404	12
p56rep1-405	12
p56rep1-406	2
p56rep1-407	1
p56rep1-408	0
p56rep1-409	13
p56rep1-410	5
p56rep1-411	5
p56rep1-412	1
p56rep1-413	7
p56rep1-414	7
p56rep1-415	0
p56rep1-416	6
p56rep1-417	5
p56rep1-418	6
p56rep1-419	0
p56rep1-420	9
p56rep1-421	10
p56rep1-422	0
p56rep1-423	6
p56rep1-424	2
p56rep1-425	5
p56rep1-426	6
p56rep1-427	5
p56rep1-428	11
p56rep1-429	6
p56rep1-430	1
p56rep1-431	4
p56rep1-432	0
p56rep1-433	9
p56rep1-434	5
p56rep1-435	2
p56rep1-436	6
p56rep1-437	12
p56rep1-438	0
p56rep1-439	11
p56rep1-440	11
p56rep1-441	3
p56rep1-442	2
p56rep1-443	1
p56rep1-444	10
p56rep1-445	0
p56rep1-446	6
p56rep1-447	0
p56rep1-448	2
p56rep1-449	4
p56rep1-450	11
p56rep1-451	12
p56rep1-452	9
p56rep1-453	6
p56rep1-454	8
p56rep1-455	8
p56rep1-456	1
p56rep1-457	0
p56rep1-458	1
p56rep1-459	2
p56rep1-460	2
p56rep1-461	9
p56rep1-462	6
p56rep1-463	1
p56rep1-464	1
p56rep1-465	4
p56rep1-466	10
p56rep1-467	2
p56rep1-468	5
p56rep1-469	0
p56rep1-470	4
p56rep1-471	10
p56rep1-472	1
p56rep1-473	6
p56rep1-474	2
p56rep1-475	0
p56rep1-476	5
p56rep1-477	6
p56rep1-478	0
p56rep1-479	8
p56rep1-480	10
p56rep1-481	2
p56rep1-482	10
p56rep1-483	10
p56rep1-484	4
p56rep1-485	8
p56rep1-486	12
p56rep1-487	2
p56rep1-488	2
p56rep1-489	1
p56rep1-490	6
p56rep1-491	7
p56rep1-492	9
p56rep1-493	6
p56rep1-494	8
p56rep1-495	10
p56rep1-496	8
p56rep1-497	1
p56rep1-498	2
p56rep1-499	0
p56rep1-500	2
p56rep1-501	13
p56rep1-502	0
p56rep1-503	2
p56rep1-504	2
p56rep1-505	10
p56rep1-506	2
p56rep1-507	6
p56rep1-508	2
p56rep1-509	1
p56rep1-510	8
p56rep1-511	9
p56rep1-512	5
p56rep1-513	2
p56rep1-514	2
p56rep1-515	5
p56rep1-516	0
p56rep1-517	3
p56rep1-518	0
p56rep1-519	9
p56rep1-520	5
p56rep1-521	2
p56rep1-522	10
p56rep1-523	10
p56rep1-524	1
p56rep1-525	6
p56rep1-526	0
p56rep1-527	0
p56rep1-528	2
p56rep1-529	0
p56rep1-530	8
p56rep1-531	2
p56rep1-532	5
p56rep1-533	1
p56rep1-534	0
p56rep1-535	4
p56rep1-536	6
p56rep1-537	3
p56rep1-538	9
p56rep1-539	9
p56rep1-540	0
p56rep1-541	6
p56rep1-542	6
p56rep1-543	8
p56rep1-544	13
p56rep1-545	4
p56rep1-546	13
p56rep1-547	4
p56rep1-548	2
p56rep1-549	0
p56rep1-550	1
p56rep1-551	3
p56rep1-552	5
p56rep1-553	6
p56rep1-554	11
p56rep1-555	8
p56rep1-556	5
p56rep1-557	11
p56rep1-558	0
p56rep1-559	1
p56rep1-560	6
p56rep1-561	1
p56rep1-562	6
p56rep1-563	6
p56rep1-564	6
p56rep1-565	10
p56rep1-566	10
p56rep1-567	10
p56rep1-568	2
p56rep1-569	1
p56rep1-570	9
p56rep1-571	1
p56rep1-572	2
p56rep1-573	9
p56rep1-574	6
p56rep1-575	12
p56rep1-576	6
p56rep1-577	6
p56rep1-578	2
p56rep1-579	10
p56rep1-580	5
p56rep1-581	0
p56rep1-582	10
p56rep1-583	1
p56rep1-584	6
p56rep1-585	12
p56rep1-586	2
p56rep1-587	4
p56rep1-588	0
p56rep1-589	6
p56rep1-590	12
p56rep1-591	0
p56rep1-592	9
p56rep1-593	3
p56rep1-594	1
p56rep1-595	5
p56rep1-596	9
p56rep1-597	2
p56rep1-598	6
p56rep1-599	9
p56rep1-600	0
p56rep1-601	0
p56rep1-602	0
p56rep1-603	8
p56rep1-604	9
p56rep1-605	2
p56rep1-606	0
p56rep1-607	5
p56rep1-608	2
p56rep1-609	6
p56rep1-610	10
p56rep1-611	9
p56rep1-612	5
p56rep1-613	6
p56rep1-614	5
p56rep1-615	13
p56rep1-616	1
p56rep1-617	4
p56rep1-618	9
p56rep1-619	6
p56rep1-620	3
p56rep1-621	7
p56rep1-622	6
p56rep1-623	11
p56rep1-624	6
p56rep1-625	9
p56rep1-626	8
p56rep1-627	9
p56rep1-628	8
p56rep1-629	6
p56rep1-630	0
p56rep1-631	2
p56rep1-632	6
p56rep1-633	10
p56rep1-634	6
p56rep1-635	9
p56rep1-636	6
p56rep1-637	8
p56rep1-638	0
p56rep1-639	2
p56rep1-640	8
p56rep1-641	2
p56rep1-642	0
p56rep1-643	2
p56rep1-644	0
p56rep1-645	6
p56rep1-646	2
p56rep1-647	10
p56rep1-648	6
p56rep1-649	11
p56rep1-650	2
p56rep1-651	0
p56rep1-652	2
p56rep1-653	2
p56rep1-654	0
p56rep1-655	8
p56rep1-656	0
p56rep1-657	6
p56rep1-658	9
p56rep1-659	1
p56rep1-660	9
p56rep1-661	0
p56rep1-662	9
p56rep1-663	0
p56rep1-664	10
p56rep1-665	9
p56rep1-666	0
p56rep1-667	1
p56rep1-668	6
p56rep1-669	1
p56rep1-670	10
p56rep1-671	5
p56rep1-672	11
p56rep1-673	6
p56rep1-674	6
p56rep1-675	0
p56rep1-676	0
p56rep1-677	6
p56rep1-678	0
p56rep1-679	11
p56rep1-680	2
p56rep1-681	9
p56rep1-682	10
p56rep1-683	7
p56rep1-684	13
p56rep1-685	2
p56rep1-686	0
p56rep1-687	1
p56rep1-688	6
p56rep1-689	8
p56rep1-690	1
p56rep1-691	1
p56rep1-692	0
p56rep1-693	6
p56rep1-694	0
p56rep1-695	0
p56rep1-696	0
p56rep1-697	6
p56rep1-698	0
p56rep1-699	10
p56rep1-700	7
p56rep1-701	2
p56rep1-702	13
p56rep1-703	2
p56rep1-704	0
p56rep1-705	7
p56rep1-706	3
p56rep1-707	10
p56rep1-708	8
p56rep1-709	7
p56rep1-710	6
p56rep1-711	2
p56rep1-712	8
p56rep1-713	7
p56rep1-714	4
p56rep1-715	11
p56rep1-716	1
p56rep1-717	12
p56rep1-718	4
p56rep1-719	6
p56rep1-720	4
p56rep1-721	6
p56rep1-722	13
p56rep1-723	6
p56rep1-724	4
p56rep1-725	11
p56rep1-726	6
p56rep1-727	10
p56rep1-728	6
p56rep1-729	6
p56rep1-730	2
p56rep1-731	9
p56rep1-732	9
p56rep1-733	4
p56rep1-734	3
p56rep1-735	1
p56rep1-736	6
p56rep1-737	2
p56rep1-738	8
p56rep1-739	6
p56rep1-740	12
p56rep1-741	8
p56rep1-742	4
p56rep1-743	0
p56rep1-744	1
p56rep1-745	2
p56rep1-746	6
p56rep1-747	13
p56rep1-748	12
p56rep1-749	6
p56rep1-750	7
p56rep1-751	2
p56rep1-752	3
p56rep1-753	0
p56rep1-754	7
p56rep1-755	6
p56rep1-756	9
p56rep1-757	6
p56rep1-758	0
p56rep1-759	6
p56rep1-760	11
p56rep1-761	9
p56rep1-762	9
p56rep1-763	10
p56rep1-764	8
p56rep1-765	4
p56rep1-766	8
p56rep1-767	5
p56rep1-768	13
p56rep1-769	0
p56rep1-770	10
p56rep1-771	10
p56rep1-772	11
p56rep1-773	0
p56rep1-774	1
p56rep1-775	6
p56rep1-776	1
p56rep1-777	0
p56rep1-778	9
p56rep1-779	10
p56rep1-780	4
p56rep1-781	4
p56rep1-782	0
p56rep1-783	1
p56rep1-784	10
p56rep1-785	9
p56rep1-786	0
p56rep1-787	0
p56rep1-788	6
p56rep1-789	2
p56rep1-790	1
p56rep1-791	7
p56rep1-792	1
p56rep1-793	6
p56rep1-794	6
p56rep1-795	3
p56rep1-796	1
p56rep1-797	6
p56rep1-798	10
p56rep1-799	1
p56rep1-800	2
p56rep1-801	12
p56rep1-802	0
p56rep1-803	6
p56rep1-804	10
p56rep1-805	6
p56rep1-806	9
p56rep1-807	7
p56rep1-808	6
p56rep1-809	9
p56rep1-810	6
p56rep1-811	2
p56rep1-812	2
p56rep1-813	4
p56rep1-814	8
p56rep1-815	2
p56rep1-816	2
p56rep1-817	3
p56rep1-818	6
p56rep1-819	10
p56rep1-820	9
p56rep1-821	0
p56rep1-822	1
p56rep1-823	7
p56rep1-824	10
p56rep1-825	10
p56rep1-826	10
p56rep1-827	0
p56rep1-828	6
p56rep1-829	8
p56rep1-830	8
p56rep1-831	10
p56rep1-832	0
p56rep1-833	9
p56rep1-834	11
p56rep1-835	6
p56rep1-836	2
p56rep1-837	1
p56rep1-838	10
p56rep1-839	1
p56rep1-840	0
p56rep1-841	10
p56rep1-842	0
p56rep1-843	0
p56rep1-844	1
p56rep1-845	8
p56rep1-846	6
p56rep1-847	0
p56rep1-848	1
p56rep1-849	6
p56rep1-850	10
p56rep1-851	0
p56rep1-852	8
p56rep1-853	9
p56rep1-854	9
p56rep1-855	7
p56rep1-856	1
p56rep1-857	6
p56rep1-858	4
p56rep1-859	0
p56rep1-860	9
p56rep1-861	3
p56rep1-862	1
p56rep1-863	0
p56rep1-864	9
p56rep1-865	9
p56rep1-866	7
p56rep1-867	10
p56rep1-868	9
p56rep1-869	10
p56rep1-870	9
p56rep1-871	0
p56rep1-872	5
p56rep1-873	1
p56rep1-874	2
p56rep1-875	12
p56rep1-876	4
p56rep1-877	6
p56rep1-878	4
p56rep1-879	8
p56rep1-880	9
p56rep1-881	0
p56rep1-882	7
p56rep1-883	13
p56rep1-884	6
p56rep1-885	7
p56rep1-886	8
p56rep1-887	0
p56rep1-888	0
p56rep1-889	4
p56rep1-890	6
p56rep1-891	4
p56rep1-892	0
p56rep1-893	0
p56rep1-894	2
p56rep1-895	6
p56rep1-896	0
p56rep1-897	9
p56rep1-898	9
p56rep1-899	2
p56rep1-900	6
p56rep1-901	0
p56rep1-902	4
p56rep1-903	8
p56rep1-904	2
p56rep1-905	2
p56rep1-906	2
p56rep1-907	6
p56rep1-908	10
p56rep1-909	1
p56rep1-910	0
p56rep1-911	0
p56rep1-912	6
p56rep1-913	2
p56rep1-914	1
p56rep1-915	9
p56rep1-916	6
p56rep1-917	7
p56rep1-918	2
p56rep1-919	10
p56rep1-920	0
p56rep1-921	2
p56rep1-922	7
p56rep1-923	10
p56rep1-924	7
p56rep1-925	9
p56rep1-926	5
p56rep1-927	2
p56rep1-928	6
p56rep1-929	13
p56rep1-930	9
p56rep1-931	9
p56rep1-932	10
p56rep1-933	5
p56rep1-934	5
p56rep1-935	13
p56rep1-936	0
p56rep1-937	0
p56rep1-938	5
p56rep1-939	6
p56rep1-940	2
p56rep1-941	2
p56rep1-942	3
p56rep1-943	10
p56rep1-944	6
p56rep1-945	11
p56rep1-946	10
p56rep1-947	9
p56rep1-948	9
p56rep1-949	7
p56rep1-950	2
p56rep1-951	6
p56rep1-952	0
p56rep1-953	0
p56rep1-954	10
p56rep1-955	7
p56rep1-956	6
p56rep1-957	7
p56rep1-958	12
p56rep1-959	10
p56rep1-960	4
p56rep1-961	1
p56rep1-962	1
p56rep1-963	2
p56rep1-964	5
p56rep1-965	9
p56rep1-966	8
p56rep1-967	8
p56rep1-968	10
p56rep1-969	1
p56rep1-970	1
p56rep1-971	2
p56rep1-972	2
p56rep1-973	5
p56rep1-974	0
p56rep1-975	3
p56rep1-976	9
p56rep1-977	4
p56rep1-978	11
p56rep1-979	6
p56rep1-980	0
p56rep1-981	0
p56rep1-982	4
p56rep1-983	0
p56rep1-984	0
p56rep1-985	1
p56rep1-986	10
p56rep1-987	0
p56rep1-988	5
p56rep1-989	8
p56rep1-990	10
p56rep1-991	0
p56rep1-992	3
p56rep1-993	9
p56rep1-994	4
p56rep1-995	1
p56rep1-996	0
p56rep1-997	0
p56rep1-998	12
p56rep1-999	10
p56rep1-1000	9
p56rep1-1001	10
p56rep1-1002	10
p56rep1-1003	12
p56rep1-1004	8
p56rep1-1005	9
p56rep1-1006	0
p56rep1-1007	0
p56rep1-1008	0
p56rep1-1009	6
p56rep1-1010	2
p56rep1-1011	0
p56rep1-1012	6
p56rep1-1013	6
p56rep1-1014	0
p56rep1-1015	6
p56rep1-1016	10
p56rep1-1017	2
p56rep1-1018	8
p56rep1-1019	9
p56rep1-1020	2
p56rep1-1021	0
p56rep1-1022	13
p56rep1-1023	8
p56rep1-1024	2
p56rep1-1025	8
p56rep1-1026	9
p56rep1-1027	9
p56rep1-1028	10
p56rep1-1029	0
p56rep1-1030	11
p56rep1-1031	4
p56rep1-1032	0
p56rep1-1033	8
p56rep1-1034	1
p56rep1-1035	2
p56rep1-1036	6
p56rep1-1037	0
p56rep1-1038	0
p56rep1-1039	12
p56rep1-1040	2
p56rep1-1041	6
p56rep1-1042	7
p56rep1-1043	9
p56rep1-1044	9
p56rep1-1045	11
p56rep1-1046	8
p56rep1-1047	0
p56rep1-1048	3
p56rep1-1049	1
p56rep1-1050	6
p56rep1-1051	10
p56rep1-1052	9
p56rep1-1053	4
p56rep1-1054	6
p56rep1-1055	0
p56rep1-1056	8
p56rep1-1057	9
p56rep1-1058	0
p56rep1-1059	6
p56rep1-1060	10
p56rep1-1061	6
p56rep1-1062	10
p56rep1-1063	0
p56rep1-1064	0
p56rep1-1065	0
p56rep1-1066	9
p56rep1-1067	2
p56rep1-1068	2
p56rep1-1069	10
p56rep1-1070	2
p56rep1-1071	7
p56rep1-1072	2
p56rep1-1073	9
p56rep1-1074	11
p56rep1-1075	6
p56rep1-1076	5
p56rep1-1077	0
p56rep1-1078	2
p56rep1-1079	6
p56rep1-1080	10
p56rep1-1081	2
p56rep1-1082	0
p56rep1-1083	6
p56rep1-1084	10
p56rep1-1085	2
p56rep1-1086	9
p56rep1-1087	7
p56rep1-1088	6
p56rep1-1089	9
p56rep1-1090	11
p56rep1-1091	8
p56rep1-1092	4
p56rep1-1093	10
p56rep1-1094	8
p56rep1-1095	8
p56rep1-1096	6
p56rep1-1097	4
p56rep1-1098	1
p56rep1-1099	6
p56rep1-1100	7
p56rep1-1101	6
p56rep1-1102	6
p56rep1-1103	10
p56rep1-1104	10
p56rep1-1105	2
p56rep1-1106	10
p56rep1-1107	2
p56rep1-1108	1
p56rep1-1109	0
p56rep1-1110	10
p56rep1-1111	0
p56rep1-1112	2
p56rep1-1113	9
p56rep1-1114	9
p56rep1-1115	6
p56rep1-1116	0
p56rep1-1117	9
p56rep1-1118	11
p56rep1-1119	0
p56rep1-1120	2
p56rep1-1121	10
p56rep1-1122	0
p56rep1-1123	10
p56rep1-1124	0
p56rep1-1125	0
p56rep1-1126	9
p56rep1-1127	9
p56rep1-1128	7
p56rep1-1129	8
p56rep1-1130	2
p56rep1-1131	2
p56rep1-1132	9
p56rep1-1133	0
p56rep1-1134	4
p56rep1-1135	9
p56rep1-1136	8
p56rep1-1137	0
p56rep1-1138	1
p56rep1-1139	8
p56rep1-1140	8
p56rep1-1141	10
p56rep1-1142	1
p56rep1-1143	4
p56rep1-1144	1
p56rep1-1145	8
p56rep1-1146	0
p56rep1-1147	12
p56rep1-1148	3
p56rep1-1149	10
p56rep1-1150	1
p56rep1-1151	0
p56rep1-1152	5
p56rep1-1153	0
p56rep1-1154	9
p56rep1-1155	6
p56rep1-1156	5
p56rep1-1157	8
p56rep1-1158	10
p56rep1-1159	7
p56rep1-1160	7
p56rep1-1161	12
p56rep1-1162	0
p56rep1-1163	6
p56rep1-1164	0
p56rep1-1165	7
p56rep1-1166	0
p56rep1-1167	6
p56rep1-1168	6
p56rep1-1169	8
p56rep1-1170	2
p56rep1-1171	4
p56rep1-1172	6
p56rep1-1173	8
p56rep1-1174	1
p56rep1-1175	3
p56rep1-1176	11
p56rep1-1177	4
p56rep1-1178	0
p56rep1-1179	0
p56rep1-1180	6
p56rep1-1181	0
p56rep1-1182	6
p56rep1-1183	7
p56rep1-1184	8
p56rep1-1185	1
p56rep1-1186	4
p56rep1-1187	9
p56rep1-1188	7
p56rep1-1189	9
p56rep1-1190	2
p56rep1-1191	10
p56rep1-1192	0
p56rep1-1193	2
p56rep1-1194	6
p56rep1-1195	2
p56rep1-1196	2
p56rep1-1197	8
p56rep1-1198	7
p56rep1-1199	0
p56rep1-1200	9
p56rep1-1201	10
p56rep1-1202	11
p56rep1-1203	9
p56rep1-1204	2
p56rep1-1205	10
p56rep1-1206	0
p56rep1-1207	4
p56rep1-1208	10
p56rep1-1209	5
p56rep1-1210	2
p56rep1-1211	3
p56rep1-1212	6
p56rep1-1213	0
p56rep1-1214	0
p56rep1-1215	4
p56rep1-1216	8
p56rep1-1217	5
p56rep1-1218	0
p56rep1-1219	10
p56rep1-1220	10
p56rep1-1221	2
p56rep1-1222	0
p56rep1-1223	9
p56rep1-1224	2
p56rep1-1225	10
p56rep1-1226	10
p56rep1-1227	6
p56rep1-1228	2
p56rep1-1229	4
p56rep1-1230	1
p56rep1-1231	10
p56rep1-1232	0
p56rep1-1233	10
p56rep1-1234	5
p56rep1-1235	9
p56rep1-1236	7
p56rep1-1237	9
p56rep1-1238	4
p56rep1-1239	1
p56rep1-1240	2
p56rep1-1241	10
p56rep1-1242	9
p56rep1-1243	8
p56rep1-1244	10
p56rep1-1245	10
p56rep1-1246	1
p56rep1-1247	9
p56rep1-1248	3
p56rep1-1249	7
p56rep1-1250	10
p56rep1-1251	10
p56rep1-1252	2
p56rep1-1253	6
p56rep1-1254	1
p56rep1-1255	1
p56rep1-1256	6
p56rep1-1257	8
p56rep1-1258	2
p56rep1-1259	9
p56rep1-1260	0
p56rep1-1261	8
p56rep1-1262	10
p56rep1-1263	4
p56rep1-1264	10
p56rep1-1265	6
p56rep1-1266	0
p56rep1-1267	2
p56rep1-1268	10
p56rep1-1269	4
p56rep1-1270	9
p56rep1-1271	6
p56rep1-1272	10
p56rep1-1273	2
p56rep1-1274	0
p56rep1-1275	2
p56rep1-1276	0
p56rep1-1277	12
p56rep1-1278	0
p56rep1-1279	0
p56rep1-1280	2
p56rep1-1281	0
p56rep1-1282	6
p56rep1-1283	9
p56rep1-1284	8
p56rep1-1285	9
p56rep1-1286	6
p56rep1-1287	9
p56rep1-1288	9
p56rep1-1289	6
p56rep1-1290	0
p56rep1-1291	2
p56rep1-1292	10
p56rep1-1293	0
p56rep1-1294	5
p56rep1-1295	10
p56rep1-1296	7
p56rep1-1297	0
p56rep1-1298	9
p56rep1-1299	1
p56rep1-1300	9
p56rep1-1301	0
p56rep1-1302	10
p56rep1-1303	9
p56rep1-1304	8
p56rep1-1305	5
p56rep1-1306	0
p56rep1-1307	4
p56rep1-1308	6
p56rep1-1309	4
p56rep1-1310	10
p56rep1-1311	6
p56rep1-1312	1
p56rep1-1313	1
p56rep1-1314	2
p56rep1-1315	10
p56rep1-1316	7
p56rep1-1317	6
p56rep1-1318	10
p56rep1-1319	4
p56rep1-1320	4
p56rep1-1321	9
p56rep1-1322	8
p56rep1-1323	1
p56rep1-1324	9
p56rep1-1325	2
p56rep1-1326	0
p56rep1-1327	0
p56rep1-1328	9
p56rep1-1329	9
p56rep1-1330	3
p56rep1-1331	8
p56rep1-1332	0
p56rep1-1333	10
p56rep1-1334	1
p56rep1-1335	9
p56rep1-1336	9
p56rep1-1337	10
p56rep1-1338	4
p56rep1-1339	6
p56rep1-1340	11
p56rep1-1341	11
p56rep1-1342	6
p56rep1-1343	2
p56rep1-1344	11
p56rep1-1345	5
p56rep1-1346	4
p56rep1-1347	8
p56rep1-1348	4
p56rep1-1349	10
p56rep1-1350	2
p56rep1-1351	11
p56rep1-1352	0
p56rep1-1353	0
p56rep1-1354	9
p56rep1-1355	2
p56rep1-1356	6
p56rep1-1357	3
p56rep1-1358	6
p56rep1-1359	0
p56rep1-1360	4
p56rep1-1361	8
p56rep1-1362	6
p56rep1-1363	9
p56rep1-1364	4
p56rep1-1365	6
p56rep1-1366	0
p56rep1-1367	9
p56rep1-1368	0
p56rep1-1369	1
p56rep1-1370	0
p56rep1-1371	0
p56rep1-1372	0
p56rep1-1373	2
p56rep1-1374	0
p56rep1-1375	9
p56rep1-1376	4
p56rep1-1377	6
p56rep1-1378	12
p56rep1-1379	6
p56rep1-1380	9
p56rep1-1381	10
p56rep1-1382	6
p56rep1-1383	10
p56rep1-1384	0
p56rep1-1385	9
p56rep1-1386	4
p56rep1-1387	1
p56rep1-1388	9
p56rep1-1389	0
p56rep1-1390	1
p56rep1-1391	11
p56rep1-1392	13
p56rep1-1393	5
p56rep1-1394	5
p56rep1-1395	10
p56rep1-1396	2
p56rep1-1397	10
p56rep1-1398	9
p56rep1-1399	1
p56rep1-1400	9
p56rep1-1401	10
p56rep1-1402	11
p56rep1-1403	8
p56rep1-1404	1
p56rep1-1405	0
p56rep1-1406	7
p56rep1-1407	13
p56rep1-1408	6
p56rep1-1409	7
p56rep1-1410	11
p56rep1-1411	9
p56rep1-1412	1
p56rep1-1413	0
p56rep1-1414	9
p56rep1-1415	0
p56rep1-1416	2
p56rep1-1417	0
p56rep1-1418	6
p56rep1-1419	10
p56rep1-1420	0
p56rep1-1421	7
p56rep1-1422	0
p56rep1-1423	0
p56rep1-1424	4
p56rep1-1425	6
p56rep1-1426	2
p56rep1-1427	8
p56rep1-1428	10
p56rep1-1429	2
p56rep1-1430	2
p56rep1-1431	13
p56rep1-1432	9
p56rep1-1433	9
p56rep1-1434	5
p56rep1-1435	10
p56rep1-1436	1
p56rep1-1437	2
p56rep1-1438	11
p56rep1-1439	7
p56rep1-1440	2
p56rep1-1441	9
p56rep1-1442	0
p56rep1-1443	0
p56rep1-1444	10
p56rep1-1445	9
p56rep1-1446	5
p56rep1-1447	0
p56rep1-1448	12
p56rep1-1449	6
p56rep1-1450	7
p56rep1-1451	10
p56rep1-1452	1
p56rep1-1453	0
p56rep1-1454	4
p56rep1-1455	6
p56rep1-1456	10
p56rep1-1457	2
p56rep1-1458	9
p56rep1-1459	2
p56rep1-1460	6
p56rep1-1461	4
p56rep1-1462	2
p56rep1-1463	9
p56rep1-1464	0
p56rep1-1465	4
p56rep1-1466	10
p56rep1-1467	6
p56rep1-1468	2
p56rep1-1469	10
p56rep1-1470	0
p56rep1-1471	6
p56rep1-1472	0
p56rep1-1473	10
p56rep1-1474	10
p56rep1-1475	0
p56rep1-1476	9
p56rep1-1477	9
p56rep1-1478	2
p56rep1-1479	2
p56rep1-1480	5
p56rep1-1481	10
p56rep1-1482	10
p56rep1-1483	9
p56rep1-1484	9
p56rep1-1485	10
p56rep1-1486	7
p56rep1-1487	2
p56rep1-1488	9
p56rep1-1489	13
p56rep1-1490	7
p56rep1-1491	4
p56rep1-1492	0
p56rep1-1493	9
p56rep1-1494	0
p56rep1-1495	0
p56rep1-1496	7
p56rep1-1497	2
p56rep1-1498	0
p56rep1-1499	9
p56rep1-1500	11
p56rep1-1501	12
p56rep1-1502	11
p56rep1-1503	2
p56rep1-1504	6
p56rep1-1505	0
p56rep1-1506	0
p56rep1-1507	0
p56rep1-1508	7
p56rep1-1509	1
p56rep1-1510	1
p56rep1-1511	10
p56rep1-1512	7
p56rep1-1513	0
p56rep1-1514	9
p56rep1-1515	9
p56rep1-1516	9
p56rep1-1517	6
p56rep1-1518	10
p56rep1-1519	9
p56rep1-1520	1
p56rep1-1521	0
p56rep1-1522	1
p56rep1-1523	7
p56rep1-1524	10
p56rep1-1525	10
p56rep1-1526	10
p56rep1-1527	5
p56rep1-1528	9
p56rep1-1529	0
p56rep1-1530	1
p56rep1-1531	13
p56rep1-1532	0
p56rep1-1533	9
p56rep1-1534	6
p56rep1-1535	6
p56rep1-1536	9
p56rep1-1537	10
p56rep1-1538	2
p56rep1-1539	0
p56rep1-1540	2
p56rep1-1541	9
p56rep1-1542	2
p56rep1-1543	9
p56rep1-1544	6
p56rep1-1545	5
p56rep1-1546	1
p56rep1-1547	2
p56rep1-1548	10
p56rep1-1549	4
p56rep1-1550	12
p56rep1-1551	7
p56rep1-1552	2
p56rep1-1553	6
p56rep1-1554	10
p56rep1-1555	7
p56rep1-1556	1
p56rep1-1557	1
p56rep1-1558	7
p56rep1-1559	0
p56rep1-1560	10
p56rep1-1561	2
p56rep1-1562	3
p56rep1-1563	9
p56rep1-1564	7
p56rep1-1565	10
p56rep1-1566	6
p56rep1-1567	2
p56rep1-1568	1
p56rep2-1569	6
p56rep2-1570	2
p56rep2-1571	0
p56rep2-1572	0
p56rep2-1573	2
p56rep2-1574	1
p56rep2-1575	0
p56rep2-1576	3
p56rep2-1577	1
p56rep2-1578	6
p56rep2-1579	2
p56rep2-1580	0
p56rep2-1581	8
p56rep2-1582	0
p56rep2-1583	2
p56rep2-1584	2
p56rep2-1585	9
p56rep2-1586	0
p56rep2-1587	2
p56rep2-1588	2
p56rep2-1589	0
p56rep2-1590	5
p56rep2-1591	0
p56rep2-1592	5
p56rep2-1593	6
p56rep2-1594	6
p56rep2-1595	0
p56rep2-1596	0
p56rep2-1597	2
p56rep2-1598	0
p56rep2-1599	0
p56rep2-1600	1
p56rep2-1601	2
p56rep2-1602	3
p56rep2-1603	2
p56rep2-1604	0
p56rep2-1605	5
p56rep2-1606	11
p56rep2-1607	6
p56rep2-1608	6
p56rep2-1609	1
p56rep2-1610	10
p56rep2-1611	5
p56rep2-1612	6
p56rep2-1613	6
p56rep2-1614	0
p56rep2-1615	8
p56rep2-1616	6
p56rep2-1617	6
p56rep2-1618	6
p56rep2-1619	0
p56rep2-1620	1
p56rep2-1621	3
p56rep2-1622	10
p56rep2-1623	2
p56rep2-1624	0
p56rep2-1625	6
p56rep2-1626	1
p56rep2-1627	0
p56rep2-1628	0
p56rep2-1629	7
p56rep2-1630	5
p56rep2-1631	0
p56rep2-1632	11
p56rep2-1633	0
p56rep2-1634	9
p56rep2-1635	0
p56rep2-1636	9
p56rep2-1637	0
p56rep2-1638	6
p56rep2-1639	2
p56rep2-1640	12
p56rep2-1641	6
p56rep2-1642	0
p56rep2-1643	2
p56rep2-1644	6
p56rep2-1645	0
p56rep2-1646	3
p56rep2-1647	2
p56rep2-1648	2
p56rep2-1649	2
p56rep2-1650	6
p56rep2-1651	3
p56rep2-1652	0
p56rep2-1653	6
p56rep2-1654	9
p56rep2-1655	6
p56rep2-1656	2
p56rep2-1657	0
p56rep2-1658	3
p56rep2-1659	0
p56rep2-1660	2
p56rep2-1661	5
p56rep2-1662	2
p56rep2-1663	1
p56rep2-1664	2
p56rep2-1665	7
p56rep2-1666	6
p56rep2-1667	2
p56rep2-1668	0
p56rep2-1669	1
p56rep2-1670	8
p56rep2-1671	3
p56rep2-1672	6
p56rep2-1673	0
p56rep2-1674	0
p56rep2-1675	8
p56rep2-1676	1
p56rep2-1677	0
p56rep2-1678	6
p56rep2-1679	0
p56rep2-1680	1
p56rep2-1681	0
p56rep2-1682	6
p56rep2-1683	2
p56rep2-1684	2
p56rep2-1685	11
p56rep2-1686	0
p56rep2-1687	3
p56rep2-1688	1
p56rep2-1689	6
p56rep2-1690	0
p56rep2-1691	3
p56rep2-1692	5
p56rep2-1693	13
p56rep2-1694	6
p56rep2-1695	0
p56rep2-1696	5
p56rep2-1697	6
p56rep2-1698	1
p56rep2-1699	11
p56rep2-1700	2
p56rep2-1701	11
p56rep2-1702	0
p56rep2-1703	1
p56rep2-1704	1
p56rep2-1705	2
p56rep2-1706	2
p56rep2-1707	2
p56rep2-1708	0
p56rep2-1709	0
p56rep2-1710	0
p56rep2-1711	0
p56rep2-1712	6
p56rep2-1713	9
p56rep2-1714	1
p56rep2-1715	6
p56rep2-1716	6
p56rep2-1717	2
p56rep2-1718	1
p56rep2-1719	3
p56rep2-1720	4
p56rep2-1721	6
p56rep2-1722	0
p56rep2-1723	0
p56rep2-1724	9
p56rep2-1725	11
p56rep2-1726	6
p56rep2-1727	2
p56rep2-1728	2
p56rep2-1729	3
p56rep2-1730	11
p56rep2-1731	11
p56rep2-1732	2
p56rep2-1733	13
p56rep2-1734	0
p56rep2-1735	9
p56rep2-1736	11
p56rep2-1737	2
p56rep2-1738	10
p56rep2-1739	9
p56rep2-1740	6
p56rep2-1741	5
p56rep2-1742	0
p56rep2-1743	8
p56rep2-1744	2
p56rep2-1745	0
p56rep2-1746	2
p56rep2-1747	1
p56rep2-1748	0
p56rep2-1749	0
p56rep2-1750	0
p56rep2-1751	1
p56rep2-1752	2
p56rep2-1753	2
p56rep2-1754	6
p56rep2-1755	0
p56rep2-1756	11
p56rep2-1757	1
p56rep2-1758	2
p56rep2-1759	0
p56rep2-1760	2
p56rep2-1761	0
p56rep2-1762	6
p56rep2-1763	2
p56rep2-1764	0
p56rep2-1765	0
p56rep2-1766	0
p56rep2-1767	3
p56rep2-1768	9
p56rep2-1769	9
p56rep2-1770	13
p56rep2-1771	8
p56rep2-1772	9
p56rep2-1773	3
p56rep2-1774	6
p56rep2-1775	0
p56rep2-1776	2
p56rep2-1777	2
p56rep2-1778	6
p56rep2-1779	6
p56rep2-1780	0
p56rep2-1781	8
p56rep2-1782	2
p56rep2-1783	1
p56rep2-1784	5
p56rep2-1785	2
p56rep2-1786	8
p56rep2-1787	6
p56rep2-1788	1
p56rep2-1789	4
p56rep2-1790	1
p56rep2-1791	0
p56rep2-1792	2
p56rep2-1793	0
p56rep2-1794	1
p56rep2-1795	6
p56rep2-1796	4
p56rep2-1797	5
p56rep2-1798	6
p56rep2-1799	12
p56rep2-1800	6
p56rep2-1801	9
p56rep2-1802	2
p56rep2-1803	11
p56rep2-1804	6
p56rep2-1805	2
p56rep2-1806	2
p56rep2-1807	0
p56rep2-1808	4
p56rep2-1809	0
p56rep2-1810	6
p56rep2-1811	2
p56rep2-1812	8
p56rep2-1813	11
p56rep2-1814	2
p56rep2-1815	9
p56rep2-1816	5
p56rep2-1817	1
p56rep2-1818	10
p56rep2-1819	0
p56rep2-1820	2
p56rep2-1821	5
p56rep2-1822	1
p56rep2-1823	4
p56rep2-1824	9
p56rep2-1825	0
p56rep2-1826	6
p56rep2-1827	10
p56rep2-1828	0
p56rep2-1829	9
p56rep2-1830	2
p56rep2-1831	5
p56rep2-1832	3
p56rep2-1833	2
p56rep2-1834	10
p56rep2-1835	9
p56rep2-1836	1
p56rep2-1837	6
p56rep2-1838	8
p56rep2-1839	2
p56rep2-1840	5
p56rep2-1841	5
p56rep2-1842	11
p56rep2-1843	5
p56rep2-1844	2
p56rep2-1845	2
p56rep2-1846	0
p56rep2-1847	6
p56rep2-1848	9
p56rep2-1849	6
p56rep2-1850	0
p56rep2-1851	13
p56rep2-1852	2
p56rep2-1853	4
p56rep2-1854	7
p56rep2-1855	1
p56rep2-1856	0
p56rep2-1857	4
p56rep2-1858	2
p56rep2-1859	1
p56rep2-1860	6
p56rep2-1861	1
p56rep2-1862	5
p56rep2-1863	6
p56rep2-1864	8
p56rep2-1865	10
p56rep2-1866	3
p56rep2-1867	6
p56rep2-1868	0
p56rep2-1869	6
p56rep2-1870	7
p56rep2-1871	1
p56rep2-1872	2
p56rep2-1873	9
p56rep2-1874	6
p56rep2-1875	9
p56rep2-1876	1
p56rep2-1877	9
p56rep2-1878	1
p56rep2-1879	5
p56rep2-1880	3
p56rep2-1881	6
p56rep2-1882	2
p56rep2-1883	0
p56rep2-1884	4
p56rep2-1885	5
p56rep2-1886	2
p56rep2-1887	7
p56rep2-1888	0
p56rep2-1889	1
p56rep2-1890	0
p56rep2-1891	0
p56rep2-1892	0
p56rep2-1893	6
p56rep2-1894	12
p56rep2-1895	0
p56rep2-1896	0
p56rep2-1897	0
p56rep2-1898	0
p56rep2-1899	10
p56rep2-1900	2
p56rep2-1901	3
p56rep2-1902	1
p56rep2-1903	2
p56rep2-1904	2
p56rep2-1905	0
p56rep2-1906	4
p56rep2-1907	9
p56rep2-1908	0
p56rep2-1909	2
p56rep2-1910	4
p56rep2-1911	0
p56rep2-1912	2
p56rep2-1913	7
p56rep2-1914	6
p56rep2-1915	6
p56rep2-1916	6
p56rep2-1917	8
p56rep2-1918	2
p56rep2-1919	0
p56rep2-1920	7
p56rep2-1921	1
p56rep2-1922	10
p56rep2-1923	11
p56rep2-1924	0
p56rep2-1925	8
p56rep2-1926	3
p56rep2-1927	2
p56rep2-1928	9
p56rep2-1929	6
p56rep2-1930	4
p56rep2-1931	0
p56rep2-1932	11
p56rep2-1933	9
p56rep2-1934	2
p56rep2-1935	0
p56rep2-1936	6
p56rep2-1937	0
p56rep2-1938	10
p56rep2-1939	4
p56rep2-1940	0
p56rep2-1941	2
p56rep2-1942	11
p56rep2-1943	13
p56rep2-1944	13
p56rep2-1945	0
p56rep2-1946	2
p56rep2-1947	0
p56rep2-1948	2
p56rep2-1949	5
p56rep2-1950	5
p56rep2-1951	0
p56rep2-1952	2
p56rep2-1953	11
p56rep2-1954	11
p56rep2-1955	6
p56rep2-1956	9
p56rep2-1957	0
p56rep2-1958	3
p56rep2-1959	9
p56rep2-1960	6
p56rep2-1961	0
p56rep2-1962	8
p56rep2-1963	0
p56rep2-1964	0
p56rep2-1965	9
p56rep2-1966	2
p56rep2-1967	6
p56rep2-1968	0
p56rep2-1969	0
p56rep2-1970	11
p56rep2-1971	0
p56rep2-1972	2
p56rep2-1973	8
p56rep2-1974	0
p56rep2-1975	10
p56rep2-1976	1
p56rep2-1977	2
p56rep2-1978	6
p56rep2-1979	6
p56rep2-1980	0
p56rep2-1981	12
p56rep2-1982	6
p56rep2-1983	1
p56rep2-1984	2
p56rep2-1985	0
p56rep2-1986	0
p56rep2-1987	6
p56rep2-1988	0
p56rep2-1989	2
p56rep2-1990	0
p56rep2-1991	6
p56rep2-1992	0
p56rep2-1993	11
p56rep2-1994	9
p56rep2-1995	3
p56rep2-1996	6
p56rep2-1997	11
p56rep2-1998	7
p56rep2-1999	1
p56rep2-2000	2
p56rep2-2001	9
p56rep2-2002	4
p56rep2-2003	6
p56rep2-2004	2
p56rep2-2005	11
p56rep2-2006	8
p56rep2-2007	9
p56rep2-2008	1
p56rep2-2009	0
p56rep2-2010	0
p56rep2-2011	7
p56rep2-2012	10
p56rep2-2013	6
p56rep2-2014	1
p56rep2-2015	0
p56rep2-2016	0
p56rep2-2017	0
p56rep2-2018	0
p56rep2-2019	12
p56rep2-2020	0
p56rep2-2021	6
p56rep2-2022	5
p56rep2-2023	4
p56rep2-2024	2
p56rep2-2025	1
p56rep2-2026	11
p56rep2-2027	2
p56rep2-2028	7
p56rep2-2029	9
p56rep2-2030	6
p56rep2-2031	0
p56rep2-2032	3
p56rep2-2033	6
p56rep2-2034	7
p56rep2-2035	0
p56rep2-2036	2
p56rep2-2037	2
p56rep2-2038	2
p56rep2-2039	8
p56rep2-2040	10
p56rep2-2041	1
p56rep2-2042	6
p56rep2-2043	0
p56rep2-2044	6
p56rep2-2045	0
p56rep2-2046	5
p56rep2-2047	9
p56rep2-2048	12
p56rep2-2049	7
p56rep2-2050	6
p56rep2-2051	7
p56rep2-2052	0
p56rep2-2053	0
p56rep2-2054	0
p56rep2-2055	5
p56rep2-2056	8
p56rep2-2057	8
p56rep2-2058	0
p56rep2-2059	0
p56rep2-2060	3
p56rep2-2061	0
p56rep2-2062	13
p56rep2-2063	5
p56rep2-2064	7
p56rep2-2065	9
p56rep2-2066	0
p56rep2-2067	9
p56rep2-2068	7
p56rep2-2069	12
p56rep2-2070	0
p56rep2-2071	1
p56rep2-2072	11
p56rep2-2073	6
p56rep2-2074	2
p56rep2-2075	3
p56rep2-2076	5
p56rep2-2077	9
p56rep2-2078	5
p56rep2-2079	2
p56rep2-2080	6
p56rep2-2081	2
p56rep2-2082	7
p56rep2-2083	12
p56rep2-2084	1
p56rep2-2085	4
p56rep2-2086	11
p56rep2-2087	1
p56rep2-2088	7
p56rep2-2089	5
p56rep2-2090	11
p56rep2-2091	6
p56rep2-2092	6
p56rep2-2093	2
p56rep2-2094	1
p56rep2-2095	0
p56rep2-2096	6
p56rep2-2097	2
p56rep2-2098	5
p56rep2-2099	5
p56rep2-2100	0
p56rep2-2101	0
p56rep2-2102	1
p56rep2-2103	9
p56rep2-2104	0
p56rep2-2105	6
p56rep2-2106	4
p56rep2-2107	9
p56rep2-2108	2
p56rep2-2109	0
p56rep2-2110	9
p56rep2-2111	0
p56rep2-2112	5
p56rep2-2113	4
p56rep2-2114	11
p56rep2-2115	3
p56rep2-2116	9
p56rep2-2117	0
p56rep2-2118	1
p56rep2-2119	1
p56rep2-2120	9
p56rep2-2121	9
p56rep2-2122	9
p56rep2-2123	7
p56rep2-2124	0
p56rep2-2125	2
p56rep2-2126	0
p56rep2-2127	3
p56rep2-2128	0
p56rep2-2129	10
p56rep2-2130	0
p56rep2-2131	5
p56rep2-2132	2
p56rep2-2133	6
p56rep2-2134	3
p56rep2-2135	8
p56rep2-2136	0
p56rep2-2137	0
p56rep2-2138	1
p56rep2-2139	2
p56rep2-2140	9
p56rep2-2141	10
p56rep2-2142	2
p56rep2-2143	5
p56rep2-2144	1
p56rep2-2145	9
p56rep2-2146	6
p56rep2-2147	3
p56rep2-2148	0
p56rep2-2149	4
p56rep2-2150	0
p56rep2-2151	5
p56rep2-2152	12
p56rep2-2153	3
p56rep2-2154	1
p56rep2-2155	3
p56rep2-2156	0
p56rep2-2157	6
p56rep2-2158	6
p56rep2-2159	0
p56rep2-2160	11
p56rep2-2161	2
p56rep2-2162	7
p56rep2-2163	0
p56rep2-2164	8
p56rep2-2165	5
p56rep2-2166	8
p56rep2-2167	1
p56rep2-2168	0
p56rep2-2169	0
p56rep2-2170	1
p56rep2-2171	2
p56rep2-2172	0
p56rep2-2173	9
p56rep2-2174	0
p56rep2-2175	13
p56rep2-2176	0
p56rep2-2177	7
p56rep2-2178	1
p56rep2-2179	9
p56rep2-2180	4
p56rep2-2181	0
p56rep2-2182	8
p56rep2-2183	6
p56rep2-2184	1
p56rep2-2185	9
p56rep2-2186	9
p56rep2-2187	3
p56rep2-2188	6
p56rep2-2189	0
p56rep2-2190	5
p56rep2-2191	1
p56rep2-2192	6
p56rep2-2193	0
p56rep2-2194	11
p56rep2-2195	3
p56rep2-2196	10
p56rep2-2197	6
p56rep2-2198	8
p56rep2-2199	5
p56rep2-2200	12
p56rep2-2201	0
p56rep2-2202	9
p56rep2-2203	7
p56rep2-2204	4
p56rep2-2205	2
p56rep2-2206	8
p56rep2-2207	8
p56rep2-2208	2
p56rep2-2209	2
p56rep2-2210	0
p56rep2-2211	2
p56rep2-2212	5
p56rep2-2213	0
p56rep2-2214	1
p56rep2-2215	2
p56rep2-2216	6
p56rep2-2217	11
p56rep2-2218	0
p56rep2-2219	2
p56rep2-2220	1
p56rep2-2221	2
p56rep2-2222	5
p56rep2-2223	2
p56rep2-2224	10
p56rep2-2225	1
p56rep2-2226	2
p56rep2-2227	5
p56rep2-2228	8
p56rep2-2229	1
p56rep2-2230	0
p56rep2-2231	6
p56rep2-2232	1
p56rep2-2233	8
p56rep2-2234	11
p56rep2-2235	1
p56rep2-2236	1
p56rep2-2237	2
p56rep2-2238	2
p56rep2-2239	2
p56rep2-2240	9
p56rep2-2241	0
p56rep2-2242	0
p56rep2-2243	6
p56rep2-2244	9
p56rep2-2245	6
p56rep2-2246	8
p56rep2-2247	11
p56rep2-2248	1
p56rep2-2249	0
p56rep2-2250	13
p56rep2-2251	6
p56rep2-2252	4
p56rep2-2253	1
p56rep2-2254	6
p56rep2-2255	9
p56rep2-2256	2
p56rep2-2257	2
p56rep2-2258	6
p56rep2-2259	10
p56rep2-2260	1
p56rep2-2261	12
p56rep2-2262	11
p56rep2-2263	11
p56rep2-2264	1
p56rep2-2265	8
p56rep2-2266	11
p56rep2-2267	10
p56rep2-2268	0
p56rep2-2269	6
p56rep2-2270	6
p56rep2-2271	10
p56rep2-2272	6
p56rep2-2273	0
p56rep2-2274	0
p56rep2-2275	0
p56rep2-2276	10
p56rep2-2277	7
p56rep2-2278	9
p56rep2-2279	0
p56rep2-2280	6
p56rep2-2281	2
p56rep2-2282	9
p56rep2-2283	6
p56rep2-2284	11
p56rep2-2285	0
p56rep2-2286	6
p56rep2-2287	10
p56rep2-2288	9
p56rep2-2289	6
p56rep2-2290	11
p56rep2-2291	1
p56rep2-2292	10
p56rep2-2293	10
p56rep2-2294	0
p56rep2-2295	6
p56rep2-2296	9
p56rep2-2297	8
p56rep2-2298	7
p56rep2-2299	0
p56rep2-2300	2
p56rep2-2301	0
p56rep2-2302	5
p56rep2-2303	0
p56rep2-2304	2
p56rep2-2305	1
p56rep2-2306	6
p56rep2-2307	6
p56rep2-2308	8
p56rep2-2309	11
p56rep2-2310	6
p56rep2-2311	0
p56rep2-2312	10
p56rep2-2313	0
p56rep2-2314	10
p56rep2-2315	2
p56rep2-2316	6
p56rep2-2317	2
p56rep2-2318	6
p56rep2-2319	6
p56rep2-2320	6
p56rep2-2321	2
p56rep2-2322	5
p56rep2-2323	2
p56rep2-2324	1
p56rep2-2325	10
p56rep2-2326	12
p56rep2-2327	8
p56rep2-2328	10
p56rep2-2329	1
p56rep2-2330	7
p56rep2-2331	7
p56rep2-2332	4
p56rep2-2333	0
p56rep2-2334	4
p56rep2-2335	5
p56rep2-2336	6
p56rep2-2337	6
p56rep2-2338	12
p56rep2-2339	6
p56rep2-2340	0
p56rep2-2341	6
p56rep2-2342	2
p56rep2-2343	11
p56rep2-2344	0
p56rep2-2345	9
p56rep2-2346	10
p56rep2-2347	3
p56rep2-2348	6
p56rep2-2349	3
p56rep2-2350	2
p56rep2-2351	6
p56rep2-2352	2
p56rep2-2353	0
p56rep2-2354	8
p56rep2-2355	5
p56rep2-2356	2
p56rep2-2357	1
p56rep2-2358	5
p56rep2-2359	6
p56rep2-2360	0
p56rep2-2361	13
p56rep2-2362	6
p56rep2-2363	3
p56rep2-2364	10
p56rep2-2365	6
p56rep2-2366	5
p56rep2-2367	5
p56rep2-2368	0
p56rep2-2369	5
p56rep2-2370	2
p56rep2-2371	7
p56rep2-2372	0
p56rep2-2373	3
p56rep2-2374	1
p56rep2-2375	0
p56rep2-2376	7
p56rep2-2377	9
p56rep2-2378	9
p56rep2-2379	6
p56rep2-2380	0
p56rep2-2381	6
p56rep2-2382	1
p56rep2-2383	5
p56rep2-2384	11
p56rep2-2385	11
p56rep2-2386	9
p56rep2-2387	8
p56rep2-2388	9
p56rep2-2389	0
p56rep2-2390	5
p56rep2-2391	0
p56rep2-2392	2
p56rep2-2393	6
p56rep2-2394	6
p56rep2-2395	0
p56rep2-2396	0
p56rep2-2397	7
p56rep2-2398	6
p56rep2-2399	9
p56rep2-2400	6
p56rep2-2401	10
p56rep2-2402	6
p56rep2-2403	0
p56rep2-2404	6
p56rep2-2405	0
p56rep2-2406	9
p56rep2-2407	13
p56rep2-2408	12
p56rep2-2409	12
p56rep2-2410	6
p56rep2-2411	2
p56rep2-2412	2
p56rep2-2413	7
p56rep2-2414	6
p56rep2-2415	9
p56rep2-2416	6
p56rep2-2417	9
p56rep2-2418	0
p56rep2-2419	0
p56rep2-2420	6
p56rep2-2421	9
p56rep2-2422	2
p56rep2-2423	0
p56rep2-2424	5
p56rep2-2425	6
p56rep2-2426	1
p56rep2-2427	0
p56rep2-2428	7
p56rep2-2429	0
p56rep2-2430	6
p56rep2-2431	4
p56rep2-2432	2
p56rep2-2433	8
p56rep2-2434	8
p56rep2-2435	8
p56rep2-2436	7
p56rep2-2437	10
p56rep2-2438	10
p56rep2-2439	9
p56rep2-2440	6
p56rep2-2441	3
p56rep2-2442	10
p56rep2-2443	10
p56rep2-2444	2
p56rep2-2445	8
p56rep2-2446	0
p56rep2-2447	0
p56rep2-2448	8
p56rep2-2449	2
p56rep2-2450	6
p56rep2-2451	9
p56rep2-2452	1
p56rep2-2453	6
p56rep2-2454	0
p56rep2-2455	5
p56rep2-2456	10
p56rep2-2457	0
p56rep2-2458	0
p56rep2-2459	2
p56rep2-2460	6
p56rep2-2461	2
p56rep2-2462	2
p56rep2-2463	12
p56rep2-2464	6
p56rep2-2465	7
p56rep2-2466	1
p56rep2-2467	0
p56rep2-2468	6
p56rep2-2469	5
p56rep2-2470	2
p56rep2-2471	0
p56rep2-2472	0
p56rep2-2473	1
p56rep2-2474	0
p56rep2-2475	9
p56rep2-2476	1
p56rep2-2477	1
p56rep2-2478	8
p56rep2-2479	0
p56rep2-2480	9
p56rep2-2481	11
p56rep2-2482	2
p56rep2-2483	0
p56rep2-2484	0
p56rep2-2485	8
p56rep2-2486	6
p56rep2-2487	6
p56rep2-2488	0
p56rep2-2489	9
p56rep2-2490	6
p56rep2-2491	2
p56rep2-2492	9
p56rep2-2493	2
p56rep2-2494	2
p56rep2-2495	2
p56rep2-2496	0
p56rep2-2497	0
p56rep2-2498	1
p56rep2-2499	7
p56rep2-2500	7
p56rep2-2501	1
p56rep2-2502	2
p56rep2-2503	0
p56rep2-2504	0
p56rep2-2505	5
p56rep2-2506	4
p56rep2-2507	9
p56rep2-2508	10
p56rep2-2509	5
p56rep2-2510	2
p56rep2-2511	9
p56rep2-2512	10
p56rep2-2513	4
p56rep2-2514	10
p56rep2-2515	0
p56rep2-2516	0
p56rep2-2517	3
p56rep2-2518	1
p56rep2-2519	11
p56rep2-2520	10
p56rep2-2521	0
p56rep2-2522	2
p56rep2-2523	2
p56rep2-2524	11
p56rep2-2525	8
p56rep2-2526	13
p56rep2-2527	2
p56rep2-2528	6
p56rep2-2529	0
p56rep2-2530	0
p56rep2-2531	9
p56rep2-2532	9
p56rep2-2533	10
p56rep2-2534	0
p56rep2-2535	2
p56rep2-2536	6
p56rep2-2537	2
p56rep2-2538	2
p56rep2-2539	1
p56rep2-2540	1
p56rep2-2541	2
p56rep2-2542	0
p56rep2-2543	0
p56rep2-2544	6
p56rep2-2545	7
p56rep2-2546	9
p56rep2-2547	2
p56rep2-2548	9
p56rep2-2549	6
p56rep2-2550	0
p56rep2-2551	1
p56rep2-2552	6
p56rep2-2553	7
p56rep2-2554	8
p56rep2-2555	8
p56rep2-2556	6
p56rep2-2557	0
p56rep2-2558	4
p56rep2-2559	12
p56rep2-2560	5
p56rep2-2561	9
p56rep2-2562	5
p56rep2-2563	0
p56rep2-2564	5
p56rep2-2565	8
p56rep2-2566	6
p56rep2-2567	0
p56rep2-2568	9
p56rep2-2569	2
p56rep2-2570	10
p56rep2-2571	6
p56rep2-2572	9
p56rep2-2573	2
p56rep2-2574	8
p56rep2-2575	3
p56rep2-2576	6
p56rep2-2577	5
p56rep2-2578	8
p56rep2-2579	6
p56rep2-2580	0
p56rep2-2581	4
p56rep2-2582	2
p56rep2-2583	2
p56rep2-2584	8
p56rep2-2585	6
p56rep2-2586	2
p56rep2-2587	0
p56rep2-2588	10
p56rep2-2589	8
p56rep2-2590	6
p56rep2-2591	9
p56rep2-2592	2
p56rep2-2593	1
p56rep2-2594	6
p56rep2-2595	11
p56rep2-2596	0
p56rep2-2597	3
p56rep2-2598	9
p56rep2-2599	10
p56rep2-2600	8
p56rep2-2601	4
p56rep2-2602	10
p56rep2-2603	2
p56rep2-2604	11
p56rep2-2605	4
p56rep2-2606	0
p56rep2-2607	1
p56rep2-2608	9
p56rep2-2609	0
p56rep2-2610	10
p56rep2-2611	9
p56rep2-2612	2
p56rep2-2613	6
p56rep2-2614	3
p56rep2-2615	10
p56rep2-2616	4
p56rep2-2617	9
p56rep2-2618	7
p56rep2-2619	12
p56rep2-2620	0
p56rep2-2621	11
p56rep2-2622	0
p56rep2-2623	1
p56rep2-2624	10
p56rep2-2625	5
p56rep2-2626	9
p56rep2-2627	5
p56rep2-2628	8
p56rep2-2629	9
p56rep2-2630	7
p56rep2-2631	9
p56rep2-2632	1
p56rep2-2633	10
p56rep2-2634	10
p56rep2-2635	2
p56rep2-2636	5
p56rep2-2637	9
p56rep2-2638	1
p56rep2-2639	1
p56rep2-2640	2
p56rep2-2641	3
p56rep2-2642	9
p56rep2-2643	6
p56rep2-2644	1
p56rep2-2645	11
p56rep2-2646	9
p56rep2-2647	7
p56rep2-2648	2
p56rep2-2649	9
p56rep2-2650	0
p56rep2-2651	2
p56rep2-2652	1
p56rep2-2653	2
p56rep2-2654	10
p56rep2-2655	10
p56rep2-2656	9
p56rep2-2657	9
p56rep2-2658	6
p56rep2-2659	7
p56rep2-2660	5
p56rep2-2661	0
p56rep2-2662	0
p56rep2-2663	8
p56rep2-2664	10
p56rep2-2665	0
p56rep2-2666	0
p56rep2-2667	9
p56rep2-2668	0
p56rep2-2669	2
p56rep2-2670	1
p56rep2-2671	9
p56rep2-2672	8
p56rep2-2673	8
p56rep2-2674	13
p56rep2-2675	1
p56rep2-2676	5
p56rep2-2677	2
p56rep2-2678	9
p56rep2-2679	6
p56rep2-2680	10
p56rep2-2681	2
p56rep2-2682	3
p56rep2-2683	1
p56rep2-2684	6
p56rep2-2685	0
p56rep2-2686	10
p56rep2-2687	8
p56rep2-2688	6
p56rep2-2689	6
p56rep2-2690	1
p56rep2-2691	2
p56rep2-2692	5
p56rep2-2693	0
p56rep2-2694	9
p56rep2-2695	9
p56rep2-2696	9
p56rep2-2697	2
p56rep2-2698	9
p56rep2-2699	1
p56rep2-2700	2
p56rep2-2701	6
p56rep2-2702	3
p56rep2-2703	9
p56rep2-2704	1
p56rep2-2705	10
p56rep2-2706	8
p56rep2-2707	9
p56rep2-2708	0
p56rep2-2709	7
p56rep2-2710	0
p56rep2-2711	2
p56rep2-2712	7
p56rep2-2713	11
p56rep2-2714	0
p56rep2-2715	6
p56rep2-2716	0
p56rep2-2717	0
p56rep2-2718	6
p56rep2-2719	11
p56rep2-2720	0
p56rep2-2721	5
p56rep2-2722	9
p56rep2-2723	6
p56rep2-2724	8
p56rep2-2725	0
p56rep2-2726	0
p56rep2-2727	9
p56rep2-2728	10
p56rep2-2729	7
p56rep2-2730	0
p56rep2-2731	10
p56rep2-2732	0
p56rep2-2733	2
p56rep2-2734	7
p56rep2-2735	1
p56rep2-2736	0
p56rep2-2737	6
p56rep2-2738	10
p56rep2-2739	9
p56rep2-2740	8
p56rep2-2741	4
p56rep2-2742	2
p56rep2-2743	0
p56rep2-2744	4
p56rep2-2745	2
p56rep2-2746	4
p56rep2-2747	11
p56rep2-2748	8
p56rep2-2749	2
p56rep2-2750	7
p56rep2-2751	9
p56rep2-2752	2
p56rep2-2753	10
p56rep2-2754	2
p56rep2-2755	9
p56rep2-2756	6
p56rep2-2757	8
p56rep2-2758	0
p56rep2-2759	6
p56rep2-2760	2
p56rep2-2761	0
p56rep2-2762	9
p56rep2-2763	3
p56rep2-2764	9
p56rep2-2765	5
p56rep2-2766	6
p56rep2-2767	0
p56rep2-2768	13
p56rep2-2769	10
p56rep2-2770	7
p56rep2-2771	6
p56rep2-2772	9
p56rep2-2773	11
p56rep2-2774	2
p56rep2-2775	10
p56rep2-2776	2
p56rep2-2777	1
p56rep2-2778	6
p56rep2-2779	2
p56rep2-2780	9
p56rep2-2781	2
p56rep2-2782	2
p56rep2-2783	0
p56rep2-2784	0
p56rep2-2785	7
p56rep2-2786	5
p56rep2-2787	10
p56rep2-2788	9
p56rep2-2789	10
p56rep2-2790	1
p56rep2-2791	9
p56rep2-2792	2
p56rep2-2793	2
p56rep2-2794	12
p56rep2-2795	1
p56rep2-2796	1
p56rep2-2797	6
p56rep2-2798	2
p56rep2-2799	7
p56rep2-2800	6
p56rep2-2801	2
p56rep2-2802	0
p56rep2-2803	0
p56rep2-2804	0
p56rep2-2805	0
p56rep2-2806	6
p56rep2-2807	10
p56rep2-2808	9
p56rep2-2809	6
p56rep2-2810	9
p56rep2-2811	2
p56rep2-2812	2
p56rep2-2813	9
p56rep2-2814	10
p56rep2-2815	9
p56rep2-2816	1
p56rep2-2817	9
p56rep2-2818	0
p56rep2-2819	1
p56rep2-2820	1
p56rep2-2821	5
p56rep2-2822	0
p56rep2-2823	9
p56rep2-2824	8
p56rep2-2825	6
p56rep2-2826	0
p56rep2-2827	0
p56rep2-2828	7
p56rep2-2829	1
p56rep2-2830	2
p56rep2-2831	7
p56rep2-2832	6
p56rep2-2833	1
p56rep2-2834	10
p56rep2-2835	1
p56rep2-2836	9
p56rep2-2837	6
p56rep2-2838	2
p56rep2-2839	0
p56rep2-2840	5
p56rep2-2841	2
p56rep2-2842	10
p56rep2-2843	2
p56rep2-2844	2
p56rep2-2845	0
p56rep2-2846	0
p56rep2-2847	7
p56rep2-2848	2
p56rep2-2849	10
p56rep2-2850	8
p56rep2-2851	0
p56rep2-2852	9
p56rep2-2853	5
p56rep2-2854	0
p56rep2-2855	2
p56rep2-2856	11
p56rep2-2857	9
p56rep2-2858	7
p56rep2-2859	6
p56rep2-2860	7
p56rep2-2861	6
p56rep2-2862	2
p56rep2-2863	2
p56rep2-2864	0
p56rep2-2865	7
p56rep2-2866	0
p56rep2-2867	0
p56rep2-2868	0
p56rep2-2869	1
p56rep2-2870	9
p56rep2-2871	5
p56rep2-2872	4
p56rep2-2873	5
p56rep2-2874	9
p56rep2-2875	2
p56rep2-2876	9
p56rep2-2877	0
p56rep2-2878	0
p56rep2-2879	11
p56rep2-2880	10
p56rep2-2881	9
p56rep2-2882	9
p56rep2-2883	0
p56rep2-2884	0
p56rep2-2885	3
p56rep2-2886	0
p56rep2-2887	6
p56rep2-2888	9
p56rep2-2889	6
p56rep2-2890	9
p56rep2-2891	4
p56rep2-2892	2
p56rep2-2893	9
p56rep2-2894	2
p56rep2-2895	0
p56rep2-2896	2
p56rep2-2897	3
p56rep2-2898	6
p56rep2-2899	8
p56rep2-2900	9
p56rep2-2901	10
p56rep2-2902	10
p56rep2-2903	10
p56rep2-2904	6
p56rep2-2905	1
p56rep2-2906	1
p56rep2-2907	0
p56rep2-2908	4
p56rep2-2909	0
p56rep2-2910	2
p56rep2-2911	8
p56rep2-2912	0
p56rep2-2913	4
p56rep2-2914	9
p56rep2-2915	1
p56rep2-2916	2
p56rep2-2917	2
p56rep2-2918	0
p56rep2-2919	4
p56rep2-2920	12
p56rep2-2921	0
p56rep2-2922	2
p56rep2-2923	4
p56rep2-2924	6
p56rep2-2925	2
p56rep2-2926	2
p56rep2-2927	1
p56rep2-2928	4
p56rep2-2929	5
p56rep2-2930	6
p56rep2-2931	0
p56rep2-2932	1
p56rep2-2933	10
p56rep2-2934	12
p56rep2-2935	10
p56rep2-2936	0
p56rep2-2937	0
p56rep2-2938	9
p56rep2-2939	9
p56rep2-2940	11
p56rep2-2941	1
p56rep2-2942	3
p56rep2-2943	6
p56rep2-2944	13
p56rep2-2945	0
p56rep2-2946	7
p56rep2-2947	6
p56rep2-2948	4
p56rep2-2949	9
p56rep2-2950	0
p56rep2-2951	0
p56rep2-2952	9
p56rep2-2953	7
p56rep2-2954	9
p56rep2-2955	6
p56rep2-2956	6
p56rep2-2957	0
p56rep2-2958	4
p56rep2-2959	10
p56rep2-2960	0
p56rep2-2961	6
p56rep2-2962	6
p56rep2-2963	9
p56rep2-2964	7
p56rep2-2965	8
p56rep2-2966	2
p56rep2-2967	0
p56rep2-2968	6
p56rep2-2969	3
p56rep2-2970	2
p56rep2-2971	10
p56rep2-2972	8
p56rep2-2973	0
p56rep2-2974	9
p56rep2-2975	3
p56rep2-2976	5
p56rep2-2977	2
p56rep2-2978	4
p56rep2-2979	6
p56rep2-2980	9
p56rep2-2981	5
p56rep2-2982	9
p56rep2-2983	9
p56rep2-2984	0
p56rep2-2985	1
p56rep2-2986	9
p56rep2-2987	9
p56rep2-2988	5
p56rep2-2989	5
p56rep2-2990	7
p56rep2-2991	13
p56rep2-2992	9
p56rep2-2993	9
p56rep2-2994	2
p56rep2-2995	12
p56rep2-2996	8
p56rep2-2997	10
p56rep2-2998	0
p56rep2-2999	3
p56rep2-3000	7
p56rep2-3001	6
p56rep2-3002	6
p56rep2-3003	2
p56rep2-3004	0
p56rep2-3005	2
p56rep2-3006	2
p56rep2-3007	5
p56rep2-3008	6
p56rep2-3009	4
p56rep2-3010	2
p56rep2-3011	5
p56rep2-3012	0
p56rep2-3013	2
p56rep2-3014	0
p56rep2-3015	7
p56rep2-3016	2
p56rep2-3017	9
p56rep2-3018	3
p56rep2-3019	1
p56rep2-3020	9
p56rep2-3021	10
p56rep2-3022	13
p56rep2-3023	10
p56rep2-3024	2
p56rep2-3025	1
p56rep2-3026	6
p56rep2-3027	9
p56rep2-3028	0
p56rep2-3029	10
p56rep2-3030	6
p56rep2-3031	9
p56rep2-3032	9
p56rep2-3033	2
